user_being_followed_id,user_following_id
18,286
153,180
101,244
231,180
21,36
253,144
111,3
124,220
160,169
9,2
274,63
91,5
59,216
250,59
259,73
54,300
264,189
133,262
161,288
157,145
88,207
252,268
29,173
18,277
116,1
3,273
109,49
42,296
55,224
296,70
180,126
63,202
137,280
165,156
254,78
176,133
56,211
254,247
159,277
107,18
226,260
71,141
75,59
206,270
122,211
135,247
32,186
203,150
229,208
267,159
125,11
98,26
97,274
172,32
158,202
246,69
185,88
145,262
260,16
248,32
272,238
145,6
268,236
26,102
36,120
288,160
124,12
265,55
32,137
72,263
94,96
193,223
277,110
118,91
253,21
16,45
64,256
187,110
131,71
147,82
43,78
160,92
213,107
41,138
193,241
7,49
30,5
73,195
79,206
171,127
156,138
166,1
90,226
31,38
14,32
108,28
172,280
75,29
266,202
192,243
286,201
157,52
180,29
79,118
265,224
278,221
83,232
271,101
8,61
105,258
183,225
264,108
155,234
141,105
251,113
205,62
176,226
9,189
210,174
206,224
184,38
167,145
163,242
69,254
2,94
295,33
93,141
171,185
201,60
98,84
30,98
59,192
176,206
278,222
53,258
20,82
66,111
250,167
230,275
64,162
269,78
51,292
128,60
283,54
217,204
202,68
194,153
217,72
202,277
202,232
247,216
87,277
243,151
109,268
92,156
81,177
243,25
16,177
162,130
204,30
8,167
245,96
266,205
115,239
286,130
300,12
229,32
181,126
254,287
222,19
23,60
55,47
213,267
290,8
200,11
212,136
135,277
155,82
172,247
104,54
242,205
230,93
294,12
124,273
248,86
40,269
62,151
57,19
184,278
219,9
272,200
190,59
54,48
99,204
220,201
118,261
29,269
140,231
109,300
65,59
133,91
48,103
255,130
268,60
172,200
156,229
30,287
7,232
270,203
125,100
298,238
149,285
202,191
146,20
6,87
168,135
117,53
116,72
160,35
155,245
245,270
17,98
253,39
222,295
279,45
286,107
71,239
243,204
50,116
6,212
32,199
89,57
199,210
21,93
146,18
41,236
171,205
1,232
132,228
257,263
106,91
58,93
57,237
58,283
14,131
12,171
207,181
137,172
171,239
170,226
15,24
93,96
82,117
300,22
86,93
55,63
255,245
65,277
296,94
61,147
157,281
210,230
217,57
52,133
22,48
184,133
18,216
21,241
116,47
232,111
26,13
63,190
91,11
187,145
103,20
23,3
74,266
85,171
236,11
139,251
216,23
238,139
108,46
57,45
13,45
176,170
129,39
178,232
148,126
39,237
208,37
17,101
126,261
247,150
81,22
189,76
46,164
271,122
133,30
205,262
235,230
267,73
4,148
40,231
283,94
16,231
199,8
100,36
222,23
135,234
68,23
91,201
269,103
156,191
61,218
76,293
172,64
87,175
51,105
136,13
11,250
158,204
158,242
136,160
137,224
161,153
174,201
102,17
149,218
275,265
280,236
209,128
158,5
101,2
290,80
177,79
290,182
196,266
166,147
229,135
162,264
29,64
293,95
289,272
295,65
58,99
39,179
17,109
11,201
134,43
42,216
213,109
136,246
131,14
167,91
237,89
282,93
97,267
300,105
221,250
40,160
198,158
50,43
118,113
204,286
29,31
166,132
215,254
73,148
226,90
207,287
199,268
186,219
220,87
213,60
15,276
10,105
40,41
176,67
210,219
207,44
296,169
283,93
200,224
231,221
6,72
27,128
119,69
58,291
287,77
232,203
195,95
27,35
216,195
8,78
169,21
137,115
51,108
186,47
52,280
93,297
116,155
141,197
229,232
103,48
129,272
95,162
100,152
208,75
279,248
168,229
290,244
287,188
162,1
11,163
255,240
215,245
123,274
179,194
293,22
194,162
63,46
58,295
69,196
57,132
241,111
149,282
204,136
37,24
60,6
211,61
244,27
6,69
268,155
157,179
74,56
38,249
48,50
237,69
23,271
47,257
236,152
71,95
282,257
220,260
190,277
166,20
294,237
90,267
139,295
16,123
86,27
276,43
67,166
42,177
292,141
119,149
267,27
212,145
106,209
238,129
247,180
108,270
210,5
161,43
200,3
91,116
22,178
96,161
41,167
241,233
196,290
271,274
69,194
73,166
64,264
75,273
125,103
48,131
98,82
222,136
160,128
7,74
127,287
156,8
115,281
159,227
285,116
98,238
41,196
282,221
133,83
115,19
205,19
153,188
30,70
69,219
46,21
270,191
209,130
240,2
246,107
206,294
31,35
172,286
170,126
86,179
138,239
150,138
220,93
66,180
148,89
15,87
238,174
148,250
210,123
123,266
284,117
79,141
47,45
195,286
236,276
3,28
260,237
299,275
251,171
24,20
132,243
81,86
185,235
181,274
55,281
131,254
101,221
55,127
69,187
95,170
190,34
34,158
245,198
148,232
273,121
39,49
250,102
159,190
136,270
197,85
172,207
145,49
296,117
49,16
70,293
171,21
125,252
176,204
134,116
22,9
74,117
220,117
142,62
92,253
214,209
50,263
112,210
180,55
65,124
123,72
13,85
70,92
18,44
215,149
132,230
7,182
133,19
186,155
204,95
270,60
46,116
269,202
284,279
104,112
298,116
189,15
86,105
133,182
64,48
264,21
17,144
289,215
104,96
263,242
7,275
137,198
121,37
284,42
269,125
245,108
213,242
169,109
252,49
73,74
16,156
63,33
133,121
188,163
191,113
200,192
118,54
21,249
235,68
104,287
151,160
230,277
286,194
79,142
99,287
118,16
219,19
74,186
108,281
269,120
62,228
257,173
219,36
264,52
158,155
47,91
10,201
26,133
196,51
215,7
187,209
129,109
97,276
258,154
292,193
186,100
288,153
15,109
59,55
95,102
220,122
196,41
8,144
86,65
107,50
157,61
47,264
228,291
100,271
135,298
123,108
137,184
211,176
41,106
99,173
36,248
298,49
20,42
184,181
112,212
184,177
143,10
257,112
63,151
121,111
205,153
239,74
271,102
240,58
239,132
59,218
153,204
180,298
70,256
237,226
106,247
21,57
280,142
201,4
36,119
210,207
220,119
174,232
248,102
212,157
193,39
188,248
3,223
55,257
6,68
75,55
125,65
204,102
11,128
54,194
4,192
71,300
180,213
75,48
20,25
261,297
148,173
147,101
191,56
13,289
42,212
214,54
84,262
71,223
211,243
199,57
161,111
79,300
160,137
291,245
236,156
167,107
155,213
206,236
212,16
13,182
24,42
42,142
193,120
206,139
181,10
188,53
83,44
290,68
105,270
273,163
257,105
178,276
276,239
264,297
51,92
280,35
251,296
106,45
137,188
196,145
188,216
13,215
142,185
186,101
120,87
234,35
176,267
257,209
289,22
269,154
227,32
16,266
8,27
233,171
57,145
153,70
18,226
117,112
245,73
248,141
75,4
144,121
287,272
250,128
50,226
121,179
141,145
45,34
36,28
20,63
71,185
217,81
101,72
271,192
293,117
27,108
21,56
183,78
245,116
182,195
300,109
284,99
252,213
199,294
32,144
251,43
122,43
261,95
87,171
290,273
249,221
243,85
236,297
262,124
204,45
185,3
180,268
193,113
241,167
10,15
236,37
216,226
85,253
41,119
89,249
27,69
166,201
238,267
11,14
73,241
37,127
262,280
114,16
36,218
53,127
258,166
35,178
300,119
271,212
59,145
120,51
101,140
42,280
23,66
265,32
133,12
40,129
245,49
48,58
40,190
135,281
291,175
239,112
112,107
23,293
140,290
180,111
79,281
235,48
264,205
35,230
218,216
32,271
197,71
134,136
28,169
159,263
86,70
115,6
197,253
116,240
99,155
111,18
267,245
220,104
141,264
276,14
249,268
99,18
176,244
76,300
97,108
61,91
182,104
44,296
36,64
3,49
214,113
230,122
211,117
187,10
49,90
285,39
235,256
202,121
109,73
255,161
87,243
111,70
52,263
123,183
133,235
6,183
74,178
19,287
157,197
86,180
30,234
172,52
266,75
186,40
206,286
271,59
295,200
184,297
133,142
110,232
260,228
141,152
154,128
201,238
191,54
181,242
238,254
260,175
147,37
200,186
184,113
71,165
97,1
194,126
191,230
85,224
287,68
155,12
106,267
160,117
230,239
274,196
175,261
274,77
7,299
222,243
148,261
89,117
7,34
136,249
280,6
42,114
62,245
53,156
15,154
70,37
295,251
244,131
281,112
202,236
287,224
208,89
277,236
17,172
143,217
233,251
265,48
281,124
133,286
47,183
54,116
163,278
111,72
251,99
250,107
247,169
48,86
266,72
243,88
227,138
268,251
238,86
154,284
221,136
252,267
112,244
156,298
59,92
42,256
51,187
290,91
263,245
117,30
297,268
146,196
38,51
31,80
237,296
276,25
156,112
295,220
250,58
35,30
24,234
37,156
195,56
96,107
270,280
94,104
250,141
120,187
216,171
107,257
280,243
292,287
231,25
187,282
75,153
76,270
209,5
178,100
195,91
171,35
106,236
171,212
113,59
279,100
173,76
203,163
52,240
98,20
233,296
79,249
19,277
161,24
95,55
168,210
79,232
168,96
105,6
215,208
59,268
66,245
98,157
174,177
37,185
127,39
164,95
52,63
237,193
212,5
203,59
49,256
79,223
211,109
246,196
271,131
3,251
203,98
258,26
179,287
219,52
86,274
269,59
171,201
154,244
203,192
261,234
83,272
176,101
28,16
15,118
54,37
211,58
37,173
134,243
94,191
238,289
184,64
177,127
84,186
249,9
32,64
107,19
39,71
17,10
170,93
48,206
179,110
100,45
265,217
157,267
132,231
37,147
36,160
216,95
300,93
198,192
241,273
45,1
54,2
149,243
163,8
219,262
284,8
36,220
136,17
157,175
103,273
297,287
269,227
12,159
202,40
100,141
144,248
1,186
64,248
29,171
282,86
88,177
204,270
136,220
63,169
34,75
32,26
201,166
68,143
262,32
141,211
8,192
13,206
295,79
298,129
196,141
126,268
65,272
91,222
69,91
24,218
162,213
193,249
193,30
29,185
244,217
102,282
152,66
131,107
43,194
300,14
280,162
80,159
44,62
15,294
159,233
77,62
170,162
131,84
42,235
176,88
146,122
191,146
95,127
293,288
278,247
264,215
291,188
126,138
234,238
254,130
121,289
192,146
183,87
234,195
220,64
262,93
40,5
18,228
193,278
279,191
143,27
191,274
4,28
46,115
161,9
296,267
264,240
28,98
158,123
9,213
55,180
299,142
176,93
159,30
108,123
210,290
174,65
115,81
58,166
198,254
127,60
241,227
61,231
64,189
296,31
181,147
297,295
151,25
245,132
43,236
110,6
236,193
176,224
150,2
120,20
145,232
34,286
105,154
19,162
200,12
284,234
13,222
206,171
14,54
154,29
153,80
166,272
190,287
94,289
114,160
127,213
90,213
188,179
246,182
206,235
271,283
152,20
30,210
35,197
154,72
20,154
219,284
274,199
229,96
178,240
56,70
139,236
288,215
200,1
127,259
110,88
14,84
214,167
283,195
197,180
202,290
39,103
288,185
215,121
178,99
33,164
143,139
226,156
101,169
258,216
286,71
49,18
178,181
246,161
220,127
207,68
288,227
121,21
196,50
134,295
61,287
99,298
57,177
112,49
189,132
42,294
277,156
150,294
92,193
205,23
225,194
77,68
170,12
211,224
121,119
192,211
125,215
78,225
40,258
52,42
261,239
285,283
203,144
299,274
102,229
156,250
189,114
144,96
102,23
131,143
281,294
70,290
132,133
254,112
13,169
92,48
40,200
286,202
131,137
283,192
151,66
75,161
212,91
214,69
94,189
196,277
276,87
4,228
41,136
236,5
60,248
156,299
230,235
123,158
65,38
187,118
282,113
34,46
237,273
296,97
89,4
106,145
93,64
65,265
218,51
295,121
99,14
269,288
192,182
211,112
43,167
210,18
198,24
129,214
117,259
177,106
287,14
219,197
1,97
286,182
23,119
84,107
187,50
53,172
42,259
5,127
234,271
233,300
33,96
65,214
159,78
48,99
200,249
176,285
299,23
69,262
50,184
100,102
121,26
1,55
17,121
191,249
79,198
247,90
276,281
139,114
258,239
14,104
121,114
5,109
87,37
163,57
116,81
206,138
244,75
104,293
67,106
125,199
202,6
23,277
288,268
35,213
157,127
138,16
38,110
69,84
251,34
231,176
126,78
111,221
45,29
250,192
160,171
281,270
50,129
271,237
229,75
260,273
109,173
269,283
219,74
207,20
282,37
84,230
291,247
139,96
34,54
114,165
136,201
134,272
173,21
242,268
248,77
193,247
21,44
108,42
20,78
198,79
240,162
92,150
224,104
173,195
252,91
134,60
61,92
221,146
99,90
2,259
186,145
184,44
245,121
37,25
45,274
31,25
43,34
168,167
119,237
227,84
101,184
9,101
274,46
295,75
262,176
265,65
175,296
298,103
56,113
108,30
284,264
25,9
112,74
124,5
146,3
286,105
78,243
252,78
84,204
300,94
20,256
135,120
291,217
106,261
290,203
206,2
169,163
177,53
265,201
298,245
286,294
111,197
26,213
164,276
157,33
254,132
159,1
96,273
236,133
54,166
103,88
27,142
238,258
147,86
145,156
126,46
278,260
1,101
146,82
126,11
63,26
230,1
31,230
49,177
259,56
150,229
94,236
260,142
168,68
24,51
215,184
209,146
165,190
139,160
190,66
64,267
94,75
167,200
7,183
94,42
145,151
1,51
251,159
263,82
285,7
66,51
216,7
65,202
83,208
250,297
187,13
277,153
248,137
97,268
261,204
91,291
20,52
133,118
151,247
50,94
132,299
22,190
288,239
50,92
250,87
291,263
258,138
92,136
42,170
235,233
169,97
251,225
86,30
278,199
61,19
281,189
116,213
287,147
139,106
263,299
266,189
125,158
161,234
184,130
175,251
127,118
238,244
232,178
33,267
194,80
49,134
235,94
88,138
105,68
65,295
256,177
266,88
250,94
73,61
160,19
208,194
169,125
85,47
51,45
32,295
168,81
246,242
141,84
160,176
236,164
279,38
73,234
147,184
254,137
129,97
15,199
297,12
198,93
13,166
42,160
287,298
241,193
5,123
122,168
27,30
25,43
90,187
112,187
186,148
187,56
242,210
207,67
45,105
89,92
49,221
163,289
91,124
285,225
229,24
249,54
225,182
180,117
33,197
81,183
46,139
71,269
9,202
46,227
298,37
241,158
299,256
140,136
123,63
142,228
163,156
185,187
158,286
51,60
189,157
107,135
165,147
276,31
213,108
164,154
282,227
190,104
126,36
234,294
43,215
64,137
4,225
195,214
158,276
229,158
241,171
60,5
9,93
81,34
220,53
216,180
183,299
158,94
221,98
68,45
5,132
246,13
36,287
172,188
163,13
48,171
286,75
215,249
46,133
202,54
259,171
230,83
297,1
35,3
16,195
36,128
91,184
16,14
29,147
149,1
195,299
11,289
286,241
100,101
70,198
19,9
171,238
218,33
246,148
215,244
61,86
224,243
117,210
33,14
186,111
210,138
141,195
99,17
79,234
47,276
259,116
295,15
151,54
290,209
30,119
275,67
51,33
178,267
246,93
279,88
106,250
170,98
205,284
97,240
144,90
92,10
174,236
252,145
279,269
158,279
106,16
34,249
87,253
165,138
250,292
135,168
233,222
159,137
9,119
141,2
10,119
130,120
87,208
235,287
59,107
167,240
27,198
290,64
84,11
12,293
5,227
300,149
38,261
94,43
234,254
137,226
92,214
281,23
208,232
38,232
136,65
231,78
162,31
122,1
96,225
48,167
60,106
85,134
275,88
250,64
134,67
298,17
276,46
246,6
34,210
280,26
242,232
22,236
228,95
210,45
252,132
8,51
230,171
198,161
257,43
22,96
54,32
243,274
142,44
68,57
199,54
195,239
197,141
244,193
89,48
239,109
159,71
242,1
186,95
245,124
115,158
245,43
98,15
201,90
236,296
191,239
106,70
188,265
34,206
144,11
218,26
280,52
219,83
40,273
279,16
77,223
295,70
122,236
114,85
10,192
78,94
54,288
55,216
136,229
17,136
148,150
169,178
43,162
84,227
238,205
44,88
235,170
157,17
10,225
280,183
83,138
130,245
13,279
287,130
147,186
145,74
269,242
239,236
120,241
265,198
277,198
153,22
58,215
237,63
26,167
73,108
139,32
98,220
271,37
292,64
124,69
82,41
216,86
223,221
128,192
7,60
128,146
142,209
266,28
207,270
295,139
10,58
43,11
260,48
196,65
220,124
55,51
45,28
95,188
258,255
26,255
184,55
293,130
109,205
255,54
175,208
69,137
127,202
209,198
51,161
53,199
181,158
163,88
182,167
98,30
187,84
271,273
49,76
242,288
235,247
217,241
49,61
221,101
20,58
131,270
98,63
53,177
116,189
276,97
251,274
109,187
133,191
167,204
257,233
26,92
194,83
3,133
105,14
103,99
214,114
131,76
165,246
54,83
143,37
275,41
117,67
157,229
67,104
264,31
69,40
190,36
248,139
249,146
55,139
282,116
112,88
58,1
141,111
269,42
175,181
55,128
104,48
295,233
232,50
25,284
250,99
129,174
155,297
239,49
214,288
38,19
95,17
276,19
275,148
112,271
94,131
281,222
125,276
141,181
126,214
43,288
271,239
207,162
278,171
152,132
212,248
235,2
105,291
221,201
108,34
244,35
271,85
31,229
26,179
219,96
60,62
226,263
255,80
7,196
247,123
191,287
220,263
168,129
67,262
161,179
122,272
10,285
21,123
83,199
67,200
248,3
122,66
162,23
199,164
203,6
203,271
126,146
230,284
248,244
172,61
128,130
109,184
129,299
86,127
198,237
250,275
11,17
194,211
261,240
37,239
1,179
50,201
80,89
300,185
132,185
242,250
16,288
117,221
64,210
263,163
248,225
142,178
127,157
279,122
36,47
237,286
148,291
285,73
164,13
107,204
82,144
265,262
188,25
207,11
45,152
222,149
14,284
175,241
259,105
42,17
44,6
18,41
153,176
279,7
21,289
18,298
57,142
148,76
281,2
89,47
20,79
196,163
261,251
143,174
73,197
50,96
281,93
116,277
240,173
154,206
245,13
118,206
162,266
207,183
207,119
273,123
284,2
79,210
74,111
243,98
20,96
253,12
148,202
153,76
252,218
172,258
163,128
297,242
114,196
201,256
134,76
45,155
297,124
167,158
103,207
243,159
136,281
272,260
81,115
148,161
158,47
237,282
111,173
142,139
3,214
272,251
219,39
153,274
153,154
276,32
2,109
279,247
190,264
20,199
286,133
277,226
193,96
138,277
174,250
111,98
287,136
154,146
190,13
43,188
37,18
138,106
276,173
48,23
261,22
148,75
196,164
203,94
33,56
149,103
204,300
135,174
239,284
272,119
51,44
272,186
17,66
201,61
206,292
277,288
132,47
242,18
163,126
57,285
234,140
96,90
128,87
74,268
215,12
163,53
42,16
134,78
121,83
253,240
40,230
203,47
60,245
43,171
21,107
146,66
159,294
56,75
285,255
128,249
238,37
77,81
93,256
163,251
155,240
47,141
123,139
141,28
151,1
76,83
3,208
36,87
156,90
145,105
64,61
177,117
65,275
162,139
203,36
252,24
131,129
179,173
122,40
251,287
140,119
175,5
187,264
133,199
32,201
47,39
135,156
96,99
37,203
47,56
73,25
289,139
139,91
188,196
101,235
152,168
204,227
108,237
13,277
59,198
185,14
106,87
184,229
139,293
145,253
42,100
242,117
70,182
196,25
50,182
80,20
146,221
107,90
127,124
274,250
276,282
214,205
19,11
45,297
15,151
67,243
36,77
276,226
177,218
70,124
99,108
18,6
225,276
149,42
57,247
178,61
281,193
185,286
38,187
19,39
203,230
184,30
101,103
18,165
109,111
38,100
6,258
273,272
189,126
109,289
228,41
72,132
72,249
27,185
80,240
231,278
270,211
21,68
262,287
292,75
266,222
203,220
210,153
241,207
213,297
127,117
269,128
68,135
224,178
130,292
222,153
209,15
8,133
89,98
121,12
111,252
242,42
276,204
116,295
90,15
281,13
90,3
288,72
134,96
205,99
270,26
50,85
176,243
155,249
203,269
134,17
255,75
195,249
214,70
250,86
67,99
99,256
249,69
18,136
243,19
72,49
54,213
84,128
57,84
102,207
116,21
278,97
87,84
197,179
123,244
216,178
119,214
29,102
290,11
289,153
9,294
45,46
231,155
283,266
291,261
114,254
208,256
274,7
276,232
126,212
230,66
81,85
76,85
202,61
181,294
233,32
149,100
184,60
8,238
165,115
239,82
30,151
20,122
190,209
124,291
151,211
204,67
246,220
288,263
178,268
202,256
9,259
42,24
126,123
183,90
124,146
291,240
123,114
207,156
42,289
222,163
271,231
74,33
29,28
183,153
117,20
223,141
102,54
190,299
118,283
96,157
213,65
187,44
243,68
30,114
33,179
74,292
129,12
146,93
117,137
74,175
127,59
3,138
251,210
99,120
156,120
210,89
7,64
243,60
259,24
51,72
157,10
144,159
198,108
83,33
259,96
247,121
248,98
11,222
110,18
174,239
12,1
259,212
189,14
208,273
185,20
53,223
68,258
98,241
275,4
167,139
181,156
271,128
292,184
180,95
18,279
10,68
256,32
43,156
74,190
14,72
63,157
46,265
300,244
256,298
139,224
142,110
164,247
125,72
52,165
123,55
182,141
39,258
138,75
189,187
252,234
67,160
127,243
172,220
17,127
83,80
205,104
34,95
140,128
203,292
109,276
194,235
236,192
251,146
88,55
131,127
44,295
266,290
144,179
71,105
62,237
274,215
135,237
158,130
270,267
282,157
80,143
26,244
73,180
194,9
9,85
59,89
290,300
186,274
64,11
139,256
147,153
105,229
44,49
66,295
290,43
39,182
224,21
174,28
288,105
220,295
286,115
256,36
177,198
287,199
60,80
61,117
103,87
203,12
220,246
213,251
98,33
228,159
104,159
125,218
154,67
153,185
274,156
63,16
72,190
173,277
100,147
9,285
34,20
148,62
209,43
109,39
141,254
43,71
196,246
184,120
266,45
98,88
153,52
299,242
209,217
139,178
147,283
119,139
198,27
28,120
117,228
120,160
132,51
44,123
290,139
136,300
253,164
281,216
55,175
143,162
170,101
7,264
142,145
233,255
207,266
273,175
283,272
242,11
72,46
3,39
285,249
239,184
130,149
277,53
3,34
72,241
182,54
152,99
228,300
286,297
124,267
164,270
114,67
276,244
195,69
182,173
193,277
293,63
253,213
269,213
12,273
1,149
205,124
91,282
127,96
247,25
209,287
26,212
156,232
158,46
274,43
48,224
273,116
159,205
160,86
181,259
228,148
5,61
155,250
294,236
105,82
130,72
163,263
5,36
272,271
208,87
239,53
90,26
239,171
223,68
152,206
194,275
55,260
102,234
269,297
119,142
75,216
49,228
120,72
175,46
107,140
198,203
202,275
247,85
177,3
76,35
182,295
5,62
141,246
142,258
166,81
139,285
284,33
103,45
260,49
143,23
234,207
57,33
52,215
129,280
14,95
162,179
105,60
236,125
19,99
93,9
96,209
105,233
5,59
279,23
140,224
181,189
75,105
254,131
290,171
198,283
194,255
289,93
195,70
120,10
122,63
104,114
246,58
18,212
35,65
250,208
206,1
42,252
290,73
112,163
139,268
165,15
82,169
135,269
274,21
167,135
83,89
14,265
22,37
200,55
172,24
200,247
286,136
81,112
262,194
215,110
266,121
16,220
25,295
29,188
254,224
286,125
259,149
296,44
130,275
125,159
34,91
174,274
11,133
48,249
186,164
51,280
28,225
150,160
60,66
191,204
4,201
168,106
248,195
295,257
221,168
177,238
278,140
67,121
112,296
298,45
71,10
238,124
111,287
178,180
96,54
151,286
203,3
284,272
67,130
142,267
29,54
87,205
182,6
67,256
170,278
8,43
216,87
193,60
222,35
16,158
113,290
298,77
294,19
103,233
82,107
215,178
153,51
180,296
22,297
3,189
37,250
133,169
196,30
131,280
284,10
209,102
247,154
130,179
211,204
105,241
117,42
209,212
208,134
69,201
214,146
294,120
51,146
214,166
104,6
271,236
36,11
292,230
276,161
256,62
67,295
115,66
102,176
270,86
286,285
189,152
33,295
214,107
45,291
157,84
91,278
262,44
138,149
255,268
182,137
201,132
186,246
296,235
135,97
156,253
226,11
105,12
248,150
190,282
106,181
261,117
197,116
277,154
26,196
88,155
33,275
30,54
9,114
209,74
154,277
68,69
63,56
264,173
209,223
25,82
81,219
243,185
82,226
73,237
163,48
152,286
269,138
259,69
167,264
97,186
239,11
100,226
31,5
126,263
299,3
289,283
107,48
251,203
258,143
149,225
281,263
187,193
91,274
84,297
277,263
155,280
1,37
297,228
207,83
287,54
239,146
105,25
283,206
237,189
112,208
1,206
16,132
10,227
286,106
207,186
52,97
35,27
170,127
214,278
99,240
238,203
259,97
180,101
294,45
166,67
263,22
81,280
245,20
164,193
171,224
297,176
44,154
15,208
121,33
118,117
36,43
122,194
69,190
51,83
138,20
64,41
229,180
299,63
213,20
70,295
120,206
25,197
297,240
111,79
178,198
29,68
121,254
29,5
65,51
89,258
120,271
29,289
109,29
107,219
180,84
67,124
172,195
242,274
122,267
221,3
128,27
214,221
45,66
211,163
161,142
65,266
117,223
11,143
226,150
10,146
166,222
49,3
214,20
57,235
269,212
119,222
265,34
119,146
67,206
160,70
158,109
167,275
217,110
47,237
237,128
176,185
135,293
56,274
275,134
278,94
105,172
121,15
251,218
175,259
268,2
2,135
21,98
276,211
249,152
191,25
157,242
285,153
258,63
64,121
254,118
3,126
210,226
285,32
62,266
215,82
211,260
241,17
108,142
89,271
272,165
116,133
143,29
2,271
142,75
300,220
213,142
30,61
102,214
294,253
219,101
62,116
209,211
175,73
177,240
4,132
123,188
126,229
294,128
151,22
190,226
183,26
158,82
294,140
111,34
54,46
225,101
254,181
285,38
168,114
297,114
171,280
198,276
80,177
105,279
20,9
120,202
132,58
169,91
6,228
12,172
229,50
51,67
111,71
68,125
160,131
162,270
187,203
233,201
188,93
250,79
155,210
281,4
164,281
33,185
6,230
287,74
198,297
290,257
181,218
93,133
299,14
154,25
139,208
228,116
262,283
183,80
170,64
56,93
62,49
121,221
55,179
12,21
260,207
295,108
242,35
82,221
53,9
163,89
146,57
291,111
196,88
198,204
172,186
53,278
169,182
75,107
65,267
176,298
55,264
276,142
112,207
182,296
104,7
147,109
6,27
47,191
157,134
247,253
233,284
16,141
274,294
146,160
45,53
216,280
271,50
175,110
191,122
1,210
73,55
54,68
37,144
147,40
272,13
134,121
43,250
111,66
91,163
182,246
150,29
292,44
196,188
227,85
60,8
44,218
82,179
109,161
152,201
184,110
18,115
254,61
51,30
217,144
259,264
246,299
104,285
295,271
3,77
105,50
276,264
254,219
209,251
226,109
262,8
82,237
87,51
178,53
223,27
121,25
202,164
156,24
237,28
149,134
28,224
113,190
259,245
60,210
245,268
157,7
260,163
123,211
267,102
60,264
19,170
34,123
138,139
177,33
71,6
8,284
118,66
291,52
193,64
157,227
273,46
89,166
114,220
92,96
26,157
241,153
242,220
124,129
220,176
58,148
129,159
286,109
234,255
263,190
27,184
209,143
225,258
204,275
154,186
184,24
200,118
11,33
192,44
285,66
222,273
266,132
213,293
247,73
202,108
221,229
143,132
87,166
7,51
6,113
178,225
299,177
248,296
11,265
253,169
103,113
140,201
165,151
112,254
181,226
261,15
141,242
169,25
251,226
143,125
232,213
13,287
83,135
262,211
247,297
27,20
160,80
215,281
195,13
67,207
268,104
266,59
74,246
191,26
39,159
30,284
132,69
26,239
171,240
39,88
19,230
286,38
170,80
4,188
203,156
298,149
78,93
25,196
97,287
145,102
283,275
200,8
76,109
135,201
278,254
163,140
103,249
80,198
208,24
148,115
65,2
107,69
256,105
85,139
289,125
179,155
79,157
55,152
72,69
6,209
96,227
284,265
174,1
166,209
187,159
119,137
287,196
59,235
159,162
271,119
129,17
260,276
222,280
174,117
18,160
154,291
143,156
197,205
109,103
141,296
22,232
71,186
19,71
100,153
201,230
53,47
245,214
107,128
86,73
18,236
17,7
139,241
141,121
295,53
276,163
266,300
6,211
194,152
90,149
265,210
153,21
246,223
201,239
274,136
175,233
284,61
171,226
241,232
20,36
132,174
64,142
45,253
32,22
137,45
258,279
172,167
19,289
17,53
56,220
219,178
110,190
243,96
54,284
224,171
191,258
110,1
214,103
93,63
131,250
187,269
112,83
243,47
204,167
168,197
131,238
244,266
80,267
166,192
7,120
215,3
112,12
124,51
107,137
120,240
6,155
265,43
291,222
179,90
24,17
250,9
100,127
164,194
8,45
114,195
188,174
161,6
298,194
248,161
53,283
32,46
85,216
63,232
28,97
92,103
207,18
194,16
163,208
157,200
212,62
56,225
38,213
94,155
95,167
220,102
136,255
290,274
80,269
179,165
277,296
294,92
277,248
272,280
99,82
261,208
164,297
90,53
214,35
300,69
99,260
152,48
130,42
3,165
291,94
112,235
173,232
210,283
255,289
74,279
165,47
7,155
210,250
105,8
290,63
283,103
4,127
5,262
62,190
179,298
61,161
99,10
134,94
9,185
61,261
113,104
193,32
94,230
79,97
174,113
81,91
127,35
138,101
128,256
33,86
169,120
180,282
77,165
289,135
66,14
24,292
75,65
121,126
63,274
204,162
94,101
73,213
166,13
68,288
295,28
101,180
108,257
27,84
64,262
41,259
266,40
23,259
111,170
163,115
98,293
132,112
27,72
259,30
33,235
180,61
241,6
165,142
157,212
248,189
284,43
16,180
114,30
194,272
209,34
246,15
132,297
3,242
86,94
268,258
190,221
150,74
93,175
3,271
298,151
105,208
108,259
158,74
202,36
186,229
284,269
285,274
139,206
144,48
169,70
248,277
143,265
138,55
238,162
267,298
45,92
156,118
260,81
198,226
236,292
273,235
186,196
256,118
125,83
101,77
134,269
35,248
8,182
43,241
114,244
82,32
12,32
250,146
173,204
198,290
170,174
55,227
158,89
237,140
180,147
90,21
192,295
134,45
173,100
77,213
32,18
106,54
296,179
105,142
168,158
239,8
44,105
238,273
202,225
267,72
288,274
52,129
184,159
106,132
16,42
57,144
114,185
258,60
145,134
240,144
249,259
59,141
67,209
163,235
44,70
64,65
4,252
198,128
112,270
270,45
196,267
108,1
137,163
236,75
156,199
229,226
47,201
223,178
169,200
210,81
272,166
285,16
233,164
76,147
5,187
119,107
142,131
160,186
146,230
32,76
186,9
193,184
65,171
282,133
147,136
77,258
114,245
155,129
223,67
145,61
232,191
183,208
212,239
85,122
142,109
106,265
150,58
169,92
198,23
235,266
90,271
186,92
149,18
69,279
228,30
77,183
20,68
231,250
62,104
234,174
112,43
202,43
264,176
161,259
197,127
177,46
193,88
190,115
18,194
211,181
273,230
4,36
229,147
154,171
50,231
15,177
16,51
14,109
14,223
296,218
85,37
173,115
63,86
189,298
115,150
231,257
18,207
222,69
116,175
82,140
229,101
263,32
64,147
21,116
248,17
130,262
120,5
227,291
283,36
192,117
143,163
51,190
99,77
98,203
236,45
36,250
42,197
247,171
101,149
239,213
117,33
62,240
300,78
199,68
66,227
171,181
118,233
244,42
290,26
240,141
219,168
122,140
180,259
128,3
189,214
266,254
30,153
186,184
214,275
194,286
131,75
22,289
95,171
294,219
244,297
37,7
90,248
202,136
237,12
96,219
121,258
35,8
296,227
72,28
97,101
270,241
219,3
140,215
22,209
159,249
165,57
122,2
222,217
256,155
242,36
239,159
4,162
240,31
283,85
168,92
277,251
282,127
72,167
109,177
254,19
198,109
134,154
233,116
210,295
53,24
300,158
188,192
216,288
78,113
208,28
282,296
136,82
140,105
26,186
95,203
113,29
40,225
211,108
158,196
88,282
83,209
166,50
287,58
236,285
181,292
7,87
171,151
158,65
70,177
27,164
267,162
19,291
169,289
204,48
272,140
39,59
118,153
134,28
161,94
218,113
262,16
194,294
163,129
202,253
216,102
3,159
84,224
174,221
169,87
210,176
275,102
54,75
27,115
189,86
76,233
36,95
287,123
262,229
92,134
48,169
84,169
197,279
18,37
291,278
297,84
29,122
243,107
120,216
210,179
39,211
284,7
50,28
155,290
88,61
209,246
247,24
90,216
85,34
110,154
118,132
123,215
153,152
170,229
181,161
46,181
70,154
261,138
127,119
12,223
204,88
163,123
30,207
35,6
8,64
199,180
114,168
77,270
233,11
275,291
291,172
102,242
140,271
146,47
45,139
141,57
175,1
166,157
110,231
232,25
102,237
192,195
84,100
43,38
227,221
39,138
240,48
136,108
285,253
60,281
87,142
1,121
34,103
253,280
281,187
146,155
274,141
17,24
159,140
101,210
37,270
126,282
86,165
155,225
196,207
247,164
114,156
60,132
104,36
73,126
183,123
168,6
122,222
88,165
182,156
41,268
204,200
254,178
29,279
107,222
190,107
30,273
13,248
290,79
116,285
69,78
259,33
4,204
174,15
103,255
112,247
265,220
205,142
90,1
281,20
202,135
155,7
290,255
47,88
191,101
61,280
79,180
68,64
87,148
157,171
35,92
78,122
55,297
200,131
25,39
36,116
63,22
105,268
277,61
146,161
231,196
157,128
24,108
137,111
284,249
170,20
113,299
111,7
294,262
199,112
2,102
51,241
190,118
114,41
15,140
108,176
109,192
298,65
97,265
193,192
167,162
246,151
27,93
17,36
226,198
177,44
229,43
222,116
232,215
128,111
152,114
246,193
117,90
129,243
97,114
98,250
173,68
156,39
268,78
129,105
29,249
199,81
272,164
157,109
227,49
60,158
56,248
262,185
25,160
39,56
58,199
258,95
4,271
118,257
31,7
175,239
70,157
36,178
57,87
68,285
225,123
99,144
150,94
94,3
272,170
121,177
204,71
268,12
73,261
129,69
287,277
211,151
76,271
190,210
185,222
183,66
101,187
270,18
161,191
20,112
90,62
271,290
210,74
225,3
182,50
261,214
273,255
101,107
284,92
225,25
35,66
55,263
149,88
223,95
222,13
125,37
16,12
83,85
290,197
184,226
173,46
298,147
174,90
295,260
209,182
89,205
156,167
288,36
170,31
190,101
42,145
284,210
131,210
268,94
12,182
111,67
95,100
166,197
138,211
240,51
50,181
150,123
198,136
23,41
41,28
25,10
14,45
255,218
70,14
34,187
225,294
281,191
4,197
113,206
160,283
285,147
144,192
139,137
100,176
93,270
103,169
89,263
191,58
11,141
96,86
196,270
21,257
1,295
127,283
223,226
107,146
181,68
255,182
102,143
234,218
138,289
33,262
216,6
22,211
29,144
213,130
173,132
233,167
121,149
93,172
258,11
250,168
237,105
254,255
172,111
39,116
62,217
261,76
121,210
3,136
224,265
1,128
176,108
251,132
73,28
203,216
265,287
181,245
272,205
135,251
93,285
137,286
224,220
167,201
163,218
121,113
192,264
235,26
52,128
116,232
145,112
214,45
10,25
128,103
132,156
25,241
94,78
22,196
232,7
247,246
42,265
124,227
142,38
100,122
132,279
125,2
255,185
296,292
259,118
49,121
67,49
194,239
15,9
11,186
227,65
54,3
85,46
184,124
272,10
78,76
49,120
52,62
228,247
183,64
107,82
192,57
298,177
30,42
195,276
5,145
59,291
272,219
239,116
111,22
112,171
35,55
237,73
178,152
213,98
75,17
288,31
270,99
162,191
273,244
163,203
69,92
103,198
5,247
189,21
214,229
151,248
207,130
192,287
255,229
239,21
18,288
29,3
87,113
32,124
34,220
47,134
188,108
194,103
254,57
19,144
153,218
272,14
155,151
96,43
95,125
200,38
133,70
232,109
226,213
73,173
269,249
297,104
51,300
108,147
184,199
82,124
81,47
246,153
14,10
251,255
127,262
7,79
106,25
26,246
133,268
94,187
232,152
145,103
58,61
275,39
264,249
21,109
67,294
245,128
95,124
273,278
39,76
231,234
110,144
156,159
145,114
75,239
111,88
272,71
135,125
105,266
235,201
1,248
258,158
274,18
117,125
138,214
155,35
260,4
228,233
79,220
92,232
37,287
57,208
222,42
76,298
113,75
18,222
295,1
179,105
202,259
83,217
175,283
18,239
24,151
169,204
92,35
200,214
201,5
138,15
239,48
276,279
160,252
116,59
153,244
139,269
68,158
254,245
268,187
174,83
135,78
111,164
194,5
70,21
224,49
215,106
102,75
224,292
253,106
247,226
83,22
273,49
102,231
55,137
52,298
65,199
87,30
255,269
113,119
137,220
110,94
215,230
273,26
199,260
150,112
289,10
223,83
8,231
192,162
144,8
151,188
20,54
44,31
263,123
263,282
236,28
201,91
240,26
173,174
33,170
16,216
89,32
289,24
68,145
114,102
103,49
181,198
97,198
168,174
65,129
177,84
150,282
127,19
203,172
139,58
155,118
132,233
291,229
285,259
13,219
135,272
101,141
170,186
253,153
75,39
259,99
297,53
64,182
272,246
50,149
154,100
61,96
241,40
175,48
200,264
199,59
173,250
7,280
84,90
144,246
226,184
175,196
173,66
8,69
291,195
40,87
194,182
235,289
123,299
62,84
52,274
177,257
60,23
275,52
192,64
77,29
256,220
65,126
51,173
266,53
244,77
180,231
200,93
48,6
219,258
71,16
192,185
151,240
254,256
243,31
146,258
67,40
275,281
29,121
282,33
179,237
91,114
18,34
176,256
245,200
194,269
234,273
112,215
96,7
90,113
239,142
110,84
91,180
258,210
171,173
59,52
233,154
73,30
297,150
275,75
237,22
10,75
277,83
70,45
139,19
106,19
96,101
250,256
66,101
51,290
156,157
4,296
87,239
283,52
64,141
286,61
182,285
159,291
202,229
127,23
62,82
91,260
5,282
243,287
201,228
76,137
284,57
133,1
120,109
208,223
206,48
75,165
24,37
235,9
212,76
92,28
69,275
5,266
108,97
184,84
38,33
40,52
152,228
150,255
106,191
117,31
40,96
3,8
215,61
299,188
125,270
51,118
270,105
143,154
25,51
171,46
226,60
69,13
153,255
43,266
177,153
176,221
39,175
217,118
227,83
162,193
198,229
249,61
80,113
154,258
85,81
50,138
269,226
25,203
127,219
108,95
70,34
272,58
262,42
81,191
87,36
235,181
87,44
144,91
251,194
129,146
182,264
222,73
130,288
219,275
116,66
215,129
56,62
185,176
95,218
280,88
123,130
242,185
41,286
180,264
104,20
80,126
289,178
137,97
293,189
31,156
70,138
74,92
13,46
30,294
255,44
198,3
68,259
179,294
233,269
80,270
88,44
268,159
300,129
58,278
259,44
7,181
195,52
192,207
21,2
187,236
148,254
118,278
2,136
18,205
188,160
219,233
249,114
285,300
4,288
79,177
6,163
182,162
32,185
233,206
266,23
247,60
297,60
88,41
135,52
6,236
159,273
183,161
222,210
25,259
124,280
151,76
7,10
199,48
150,137
40,157
231,47
171,56
290,83
212,39
258,186
72,100
92,230
258,287
84,187
231,288
144,193
153,100
213,10
51,97
63,295
143,171
77,239
294,26
163,44
16,294
116,74
181,60
123,296
151,175
231,54
24,282
76,39
261,238
141,73
228,56
283,89
69,175
51,8
241,197
270,271
84,5
183,69
123,112
166,182
71,17
235,276
238,187
6,24
154,134
21,6
192,114
188,61
186,38
274,244
69,153
128,234
167,195
134,274
89,15
70,78
56,28
118,94
14,222
105,87
185,258
84,80
131,186
130,139
136,292
247,279
75,249
59,51
56,108
136,151
276,134
61,8
137,263
173,75
223,252
85,105
4,16
296,298
149,121
35,243
136,144
158,71
202,237
45,64
42,107
220,268
39,123
253,93
25,296
110,10
208,233
129,28
162,203
118,78
37,256
75,191
270,298
99,134
23,185
184,198
81,143
108,282
38,136
226,151
248,281
203,234
93,151
169,176
191,78
137,4
126,59
134,93
197,99
214,208
100,62
99,211
73,264
148,96
163,10
219,84
97,104
188,125
299,260
287,61
207,98
262,19
130,45
32,177
94,212
14,60
44,2
110,40
102,290
69,215
64,183
103,80
156,5
36,239
67,77
114,15
81,272
277,159
99,39
130,197
122,273
215,6
228,204
262,5
238,74
80,36
177,65
193,242
163,112
102,157
28,154
248,18
133,59
29,214
21,16
120,74
99,233
240,174
211,254
176,138
41,112
2,244
101,198
206,228
255,252
5,189
150,208
20,168
57,115
17,272
249,142
259,288
260,106
254,54
275,198
65,161
10,140
294,141
83,173
115,71
168,115
154,162
108,135
219,18
275,139
235,161
271,187
237,253
80,144
46,246
278,184
241,182
76,229
105,164
119,151
258,100
203,129
234,167
47,219
258,284
129,113
52,39
163,192
85,129
14,220
40,32
41,16
24,143
46,4
254,157
94,196
148,139
251,26
179,164
209,237
236,258
184,100
115,210
231,39
272,105
227,168
25,99
277,238
3,127
217,8
105,146
126,262
76,252
54,11
137,75
94,138
93,277
288,134
78,268
194,163
169,126
154,187
232,254
232,255
248,148
220,76
276,48
100,162
58,300
37,243
159,168
67,61
17,49
44,64
68,49
56,265
208,203
115,37
152,56
262,138
12,15
114,249
53,299
132,282
138,91
210,155
253,241
134,59
163,77
164,11
42,253
35,102
29,270
183,186
276,283
241,88
67,8
72,300
56,241
178,76
203,139
165,256
43,280
238,84
62,163
197,80
29,162
108,200
284,273
57,159
33,146
14,262
226,41
101,127
158,251
123,4
53,277
226,253
235,285
129,286
204,228
202,149
59,29
77,98
122,14
97,58
60,235
52,281
152,167
193,299
44,153
192,223
129,180
16,297
265,171
240,96
27,73
188,260
133,20
94,9
190,18
121,176
33,150
170,67
25,243
122,255
79,173
240,5
204,1
8,36
149,99
15,284
140,117
203,95
103,26
132,187
160,168
9,19
118,237
84,296
160,260
231,7
124,234
20,106
196,151
3,274
227,13
175,199
296,172
17,107
193,142
87,174
196,103
289,262
271,218
137,245
85,98
40,251
71,139
154,268
261,124
37,223
228,248
192,139
213,221
54,60
110,21
17,35
81,168
192,56
135,35
66,37
133,112
232,186
109,36
241,145
252,64
227,219
273,27
88,169
60,263
75,262
285,117
173,57
239,76
195,89
93,145
57,133
78,201
288,231
94,299
260,56
7,153
238,122
143,280
74,244
23,88
149,71
221,233
194,35
107,235
130,265
106,241
73,104
253,262
21,30
232,136
197,119
202,169
102,220
3,152
256,65
83,28
71,118
282,41
92,109
107,180
2,236
6,37
148,192
98,265
238,76
187,100
265,82
45,130
102,142
243,119
35,255
7,272
262,144
105,37
224,296
145,129
94,209
299,179
279,184
117,57
115,230
168,14
100,123
223,48
147,272
29,203
251,235
160,242
221,76
217,50
61,199
120,210
213,141
258,31
123,189
103,217
126,61
12,48
92,36
152,11
239,254
206,4
297,65
241,75
143,38
154,241
135,203
164,204
52,257
144,265
164,88
263,181
247,43
141,200
109,46
20,212
22,257
277,77
205,146
31,266
191,119
82,58
276,140
136,251
48,240
129,178
251,174
121,146
22,131
100,289
25,116
234,288
226,204
39,127
84,270
107,101
85,269
126,298
243,104
128,161
46,62
53,102
166,78
75,240
144,238
176,119
1,289
207,242
198,266
5,51
259,45
21,201
132,24
137,119
162,136
298,4
29,91
53,146
273,62
26,187
279,216
52,219
93,292
75,57
212,137
98,178
193,50
218,179
192,90
48,34
240,36
257,271
262,168
211,149
220,156
205,182
95,270
31,8
216,139
236,63
256,89
261,160
41,146
131,40
131,93
179,122
174,166
132,205
59,181
16,32
296,71
213,71
273,266
220,29
111,160
111,293
84,126
100,276
183,141
198,91
252,183
64,13
205,15
63,17
