text,timestamp,user_id
Weekend plan: writing docs first. Happy to share notes.,2025-06-03 01:32:47.692140,145
Anyone else a cleaner API pattern. Happy to share notes.,2025-11-26 13:47:26.720126,150
Learning how to stay focused. Still iterating.,2026-04-14 14:18:34.668634,32
Learning debugging auth bugs. Thoughts?,2025-10-10 10:37:32.414309,123
Can we normalize a cleaner API pattern. Let me know if you want details.,2025-11-11 23:15:19.454654,196
Anyone else meal prep for busy weeks. Thoughts?,2025-12-13 06:24:25.593179,230
Small win: using SQL window functions. Let me know if you want details.,2025-08-23 22:21:57.618818,245
Weekend plan: a cleaner API pattern. Happy to share notes.,2025-10-15 06:26:03.777608,78
PSA: testing Flask apps. Curious what worked for you.,2025-04-26 19:21:34.026471,261
Hot take: meal prep for busy weeks. Happy to share notes.,2025-12-11 04:25:06.876096,205
Reminder: a cleaner API pattern. Would love recommendations.,2025-07-25 10:57:09.989257,62
Reminder: keeping meetings short. Happy to share notes.,2025-05-05 16:38:00.683123,90
Anyone else keeping meetings short. Would love recommendations.,2025-09-10 11:57:24.506029,44
Reminder: a cleaner API pattern. Would love recommendations.,2025-12-01 00:55:06.656617,113
Learning debugging auth bugs. Let me know if you want details.,2025-07-25 05:42:58.311861,187
Just shipped a cleaner API pattern. Thoughts?,2025-10-13 16:28:50.513210,37
Small win: designing for accessibility. Let me know if you want details.,2025-10-09 20:54:50.095992,153
Small win: shipping without burnout. Would love recommendations.,2025-04-26 03:06:32.282975,73
Can we normalize testing Flask apps. Let me know if you want details.,2025-04-24 04:01:27.468207,60
Quick thread: meal prep for busy weeks. Would love recommendations.,2026-01-27 07:55:16.946762,194
Reminder: meal prep for busy weeks. Happy to share notes.,2026-02-10 17:12:06.617903,217
Hot take: a cleaner API pattern. Curious what worked for you.,2026-03-21 13:31:49.432084,106
Hot take: keeping meetings short. Would love recommendations.,2025-08-03 15:23:01.035097,285
Reminder: keeping meetings short. This saved me hours.,2025-06-16 11:12:37.849777,235
Small win: writing docs first. Thoughts?,2026-02-09 09:10:05.933172,159
Quick thread: better onboarding. Let me know if you want details.,2025-05-18 21:34:22.546471,287
Hot take: using SQL window functions. This saved me hours.,2025-11-14 04:53:59.541119,68
Learning keeping meetings short. Let me know if you want details.,2026-04-17 23:51:03.813071,294
Just shipped keeping meetings short. Thoughts?,2025-05-02 09:44:53.863823,144
Today I learned shipping without burnout. Curious what worked for you.,2025-10-18 09:54:46.899869,6
Just shipped better onboarding. Still iterating.,2026-02-28 02:18:14.535995,298
Hot take: writing docs first. Back to building.,2025-12-15 05:11:59.201324,113
Today I learned how to stay focused. Curious what worked for you.,2026-03-24 14:06:33.150809,250
Hot take: a side project. Thoughts?,2025-07-02 12:59:25.000043,237
Today I learned debugging auth bugs. Would love recommendations.,2026-03-04 15:19:01.249474,65
Trying out better onboarding. Still iterating.,2025-05-25 09:37:03.478086,206
Anyone else how to stay focused. Let me know if you want details.,2025-12-08 00:37:58.608130,74
Reminder: a side project. This saved me hours.,2026-03-24 21:05:17.457121,144
Hot take: designing for accessibility. Still iterating.,2025-10-21 22:09:51.979777,100
Small win: designing for accessibility. Curious what worked for you.,2025-06-09 08:58:16.056009,184
Hot take: better onboarding. Still iterating.,2025-11-02 19:39:48.093594,23
Today I learned testing Flask apps. Let me know if you want details.,2026-01-15 09:15:13.775538,295
Quick thread: meal prep for busy weeks. Thoughts?,2025-11-05 08:33:26.619130,82
Today I learned using SQL window functions. Still iterating.,2026-01-29 12:41:37.917945,196
Can we normalize better onboarding. Happy to share notes.,2025-11-12 23:45:09.715075,146
Weekend plan: debugging auth bugs. Thoughts?,2025-06-09 01:00:32.827518,230
Can we normalize better onboarding. Would love recommendations.,2026-01-31 08:55:07.359513,284
Hot take: how to stay focused. Let me know if you want details.,2025-10-28 15:43:32.236758,212
Anyone else shipping without burnout. Would love recommendations.,2026-03-10 15:53:15.693400,38
Can we normalize keeping meetings short. Thoughts?,2026-04-08 20:13:24.631185,205
Reminder: debugging auth bugs. Happy to share notes.,2025-07-20 09:00:16.763612,177
Anyone else better onboarding. Thoughts?,2026-03-27 05:28:38.759339,80
Quick thread: a side project. Happy to share notes.,2025-05-14 08:59:14.110079,139
Just shipped keeping meetings short. Thoughts?,2025-09-28 17:37:28.966309,187
Quick thread: how to stay focused. Thoughts?,2025-11-28 13:22:33.966824,222
Today I learned a side project. Still iterating.,2026-01-05 23:12:12.116618,77
Quick thread: a cleaner API pattern. Would love recommendations.,2025-11-24 11:46:24.838571,256
Reminder: meal prep for busy weeks. Still iterating.,2025-10-25 11:46:38.695221,61
Reminder: keeping meetings short. Curious what worked for you.,2025-10-11 13:47:39.812285,213
Can we normalize keeping meetings short. Happy to share notes.,2025-10-20 12:27:50.439696,218
Today I learned using SQL window functions. Thoughts?,2026-02-24 10:19:40.998970,162
Trying out keeping meetings short. Would love recommendations.,2025-06-16 23:45:59.742431,200
Reminder: designing for accessibility. Thoughts?,2025-12-14 11:18:54.669634,74
Small win: keeping meetings short. Back to building.,2025-07-30 08:14:19.329159,289
Hot take: debugging auth bugs. Would love recommendations.,2025-10-04 21:35:30.451574,13
PSA: shipping without burnout. This saved me hours.,2026-03-02 05:19:22.712164,134
Can we normalize designing for accessibility. Still iterating.,2025-06-11 14:23:47.730389,73
Trying out a cleaner API pattern. Thoughts?,2025-06-28 14:05:23.625835,67
Today I learned how to stay focused. This saved me hours.,2025-08-14 12:09:00.900824,170
Weekend plan: writing docs first. Let me know if you want details.,2026-02-04 01:49:07.193359,209
Hot take: shipping without burnout. Back to building.,2025-08-23 22:03:11.455509,77
Small win: writing docs first. Still iterating.,2025-11-07 02:17:21.137161,279
Just shipped testing Flask apps. Happy to share notes.,2025-07-28 12:57:13.035604,76
Today I learned designing for accessibility. Would love recommendations.,2026-03-27 03:35:50.258247,292
Weekend plan: debugging auth bugs. Back to building.,2025-07-11 10:41:41.996655,107
Can we normalize meal prep for busy weeks. Happy to share notes.,2026-02-22 06:25:20.368153,296
Just shipped using SQL window functions. This saved me hours.,2026-02-18 19:29:32.493707,46
Today I learned a cleaner API pattern. Would love recommendations.,2025-06-25 07:37:44.839670,236
Learning better onboarding. Curious what worked for you.,2026-01-04 05:49:38.408956,170
Can we normalize better onboarding. Curious what worked for you.,2025-10-30 02:17:22.502526,111
Can we normalize testing Flask apps. Would love recommendations.,2025-09-10 14:23:40.835102,78
Trying out debugging auth bugs. Back to building.,2025-11-04 04:43:08.488225,1
Reminder: how to stay focused. Would love recommendations.,2026-02-20 13:19:52.709463,190
Weekend plan: testing Flask apps. This saved me hours.,2026-04-14 05:41:49.232333,141
Anyone else designing for accessibility. Curious what worked for you.,2025-09-17 19:57:42.069142,147
PSA: designing for accessibility. Curious what worked for you.,2025-12-23 21:34:24.991138,27
Today I learned debugging auth bugs. Still iterating.,2026-02-14 18:01:37.185517,229
Quick thread: using SQL window functions. Would love recommendations.,2025-08-17 20:23:28.394790,217
Quick thread: a side project. Would love recommendations.,2026-01-26 05:28:52.115632,11
PSA: using SQL window functions. Let me know if you want details.,2025-10-27 03:47:15.561707,30
Trying out writing docs first. Let me know if you want details.,2025-10-18 05:27:32.953973,162
Just shipped how to stay focused. Happy to share notes.,2026-02-20 12:32:27.821767,90
Learning writing docs first. Still iterating.,2026-01-26 14:41:19.197517,276
Quick thread: meal prep for busy weeks. Thoughts?,2026-03-02 06:51:29.492311,146
Can we normalize keeping meetings short. Back to building.,2025-12-03 00:06:36.138986,194
PSA: better onboarding. Happy to share notes.,2025-05-19 14:26:43.818512,185
PSA: shipping without burnout. Still iterating.,2025-09-04 06:39:36.530310,46
Quick thread: testing Flask apps. Happy to share notes.,2025-08-08 16:30:18.392384,124
Can we normalize keeping meetings short. Happy to share notes.,2025-08-04 03:47:22.674995,36
Trying out meal prep for busy weeks. Let me know if you want details.,2025-05-10 22:58:35.097577,35
Just shipped shipping without burnout. Still iterating.,2025-08-02 23:39:30.465232,284
Weekend plan: how to stay focused. Curious what worked for you.,2026-03-22 23:32:53.147849,84
Small win: using SQL window functions. Thoughts?,2025-10-07 01:40:19.386818,125
PSA: testing Flask apps. Let me know if you want details.,2025-08-01 21:21:05.482881,117
PSA: debugging auth bugs. This saved me hours.,2025-06-26 05:15:13.025232,163
Hot take: meal prep for busy weeks. Curious what worked for you.,2025-11-15 00:29:27.324555,62
Trying out a side project. This saved me hours.,2025-07-17 01:40:23.993329,45
PSA: a cleaner API pattern. Thoughts?,2025-10-09 16:44:56.817034,262
Anyone else debugging auth bugs. Back to building.,2026-04-04 14:48:34.493290,108
Learning debugging auth bugs. Back to building.,2025-09-02 08:22:04.587846,252
Learning designing for accessibility. Back to building.,2025-07-18 00:43:29.881871,31
Reminder: using SQL window functions. Curious what worked for you.,2026-03-20 04:38:55.026762,9
Today I learned a side project. Would love recommendations.,2025-08-26 02:49:24.759576,211
Quick thread: shipping without burnout. Still iterating.,2025-12-28 19:35:41.451250,165
Can we normalize using SQL window functions. Curious what worked for you.,2026-03-08 09:49:22.026838,199
Just shipped better onboarding. Back to building.,2025-08-14 22:07:11.039013,92
Anyone else shipping without burnout. Thoughts?,2025-12-04 19:27:18.767527,59
PSA: using SQL window functions. Would love recommendations.,2025-05-08 15:56:14.929509,62
Small win: a cleaner API pattern. Happy to share notes.,2025-08-10 04:45:48.676630,284
Hot take: writing docs first. Would love recommendations.,2025-12-16 02:40:30.615479,38
Reminder: debugging auth bugs. Happy to share notes.,2025-09-17 04:22:23.773718,194
Small win: debugging auth bugs. This saved me hours.,2026-01-26 17:47:52.082969,274
Today I learned testing Flask apps. Happy to share notes.,2025-05-08 05:09:59.212948,41
PSA: meal prep for busy weeks. Let me know if you want details.,2025-06-09 20:08:47.612129,173
Anyone else designing for accessibility. This saved me hours.,2026-03-01 23:41:07.733591,167
Weekend plan: debugging auth bugs. Curious what worked for you.,2025-10-24 01:59:31.455550,61
Anyone else using SQL window functions. Happy to share notes.,2025-09-25 21:28:11.170770,195
Learning keeping meetings short. Still iterating.,2025-06-29 18:06:50.400688,50
PSA: writing docs first. Curious what worked for you.,2025-06-30 09:26:03.471776,240
Just shipped shipping without burnout. This saved me hours.,2026-02-02 07:22:15.534445,168
Weekend plan: shipping without burnout. Would love recommendations.,2025-12-19 13:16:45.439130,201
Trying out a cleaner API pattern. Would love recommendations.,2026-02-17 02:01:35.050974,195
Weekend plan: how to stay focused. Curious what worked for you.,2026-02-02 03:12:04.992256,269
Can we normalize keeping meetings short. Curious what worked for you.,2025-10-05 07:56:11.300534,22
Anyone else designing for accessibility. Back to building.,2025-08-09 20:20:29.353018,124
Today I learned keeping meetings short. Still iterating.,2026-02-14 18:33:14.938806,146
Anyone else how to stay focused. Happy to share notes.,2026-03-30 21:20:08.732979,237
Weekend plan: debugging auth bugs. Curious what worked for you.,2025-07-27 14:38:37.880328,167
Today I learned debugging auth bugs. Would love recommendations.,2025-10-17 21:14:36.725801,134
Reminder: using SQL window functions. Happy to share notes.,2025-06-29 17:27:59.055786,35
Anyone else a cleaner API pattern. Still iterating.,2025-09-27 08:59:55.517412,207
Weekend plan: shipping without burnout. This saved me hours.,2025-04-27 09:11:03.253845,56
Can we normalize debugging auth bugs. This saved me hours.,2025-07-09 21:43:30.591367,207
Today I learned designing for accessibility. Thoughts?,2025-05-29 23:37:19.239815,176
Anyone else shipping without burnout. This saved me hours.,2025-11-15 22:32:13.673764,207
Trying out a side project. Would love recommendations.,2025-09-08 03:51:35.560377,91
PSA: keeping meetings short. Curious what worked for you.,2025-10-10 18:09:26.332657,100
Reminder: using SQL window functions. Happy to share notes.,2025-07-10 21:18:47.801982,96
Quick thread: a side project. Thoughts?,2026-02-04 23:04:43.602711,180
Anyone else testing Flask apps. Would love recommendations.,2025-08-21 01:48:42.903552,131
Hot take: using SQL window functions. This saved me hours.,2025-06-22 01:49:07.790349,298
Trying out a side project. Let me know if you want details.,2025-08-04 15:08:00.833763,243
Reminder: designing for accessibility. Back to building.,2025-05-14 02:49:33.275455,95
Trying out testing Flask apps. Let me know if you want details.,2025-09-24 05:43:56.783703,60
Weekend plan: keeping meetings short. Thoughts?,2025-10-24 16:57:47.814652,17
Hot take: debugging auth bugs. Curious what worked for you.,2025-12-20 13:14:53.797357,4
Small win: how to stay focused. Let me know if you want details.,2025-08-11 22:56:49.043190,97
Can we normalize a cleaner API pattern. Back to building.,2025-08-02 12:43:53.368440,70
Learning using SQL window functions. This saved me hours.,2026-01-19 20:07:50.560245,73
Weekend plan: better onboarding. Let me know if you want details.,2025-05-16 21:01:01.179964,7
Anyone else meal prep for busy weeks. Let me know if you want details.,2025-09-07 07:09:35.539847,222
Learning designing for accessibility. Curious what worked for you.,2026-01-06 11:53:15.987986,254
Small win: using SQL window functions. Would love recommendations.,2025-07-20 12:33:01.536635,8
Hot take: testing Flask apps. Thoughts?,2025-07-11 06:45:01.605922,136
Trying out using SQL window functions. Curious what worked for you.,2025-12-26 01:14:58.187460,10
PSA: designing for accessibility. Still iterating.,2026-01-07 14:07:40.120630,272
Weekend plan: keeping meetings short. Thoughts?,2025-11-02 23:08:48.372691,254
Anyone else shipping without burnout. This saved me hours.,2025-10-25 18:22:29.463748,145
Quick thread: meal prep for busy weeks. Would love recommendations.,2026-02-18 21:21:31.011634,77
Reminder: testing Flask apps. Curious what worked for you.,2025-11-08 02:08:28.339021,289
Weekend plan: keeping meetings short. Curious what worked for you.,2025-05-04 08:01:45.109478,297
Can we normalize better onboarding. Thoughts?,2025-04-29 04:26:05.808011,3
Hot take: a side project. Happy to share notes.,2026-02-28 04:03:08.037539,118
Just shipped debugging auth bugs. Curious what worked for you.,2025-04-28 22:43:00.826587,204
Quick thread: designing for accessibility. Still iterating.,2025-07-26 03:58:11.315158,256
Reminder: a cleaner API pattern. This saved me hours.,2025-07-03 17:10:05.312045,6
Trying out debugging auth bugs. Still iterating.,2025-12-14 22:22:17.965043,176
Today I learned a cleaner API pattern. This saved me hours.,2025-07-21 22:00:51.200126,284
PSA: better onboarding. Let me know if you want details.,2026-01-04 01:12:53.095946,122
Today I learned debugging auth bugs. Let me know if you want details.,2025-09-03 12:35:02.435274,143
Anyone else how to stay focused. Curious what worked for you.,2026-04-05 20:28:41.680490,91
Reminder: using SQL window functions. Happy to share notes.,2025-08-05 03:11:19.740771,97
Can we normalize using SQL window functions. This saved me hours.,2026-03-13 21:16:01.358147,63
Reminder: a side project. Curious what worked for you.,2026-02-06 13:14:47.453969,124
Learning a cleaner API pattern. This saved me hours.,2025-07-17 12:05:37.353107,225
Trying out better onboarding. This saved me hours.,2025-08-31 14:06:01.620607,130
Small win: a side project. Happy to share notes.,2026-03-11 00:27:02.603227,240
Trying out debugging auth bugs. Happy to share notes.,2025-12-26 22:56:42.554142,178
Anyone else a side project. Happy to share notes.,2026-01-21 15:03:39.588706,9
Anyone else using SQL window functions. This saved me hours.,2026-02-03 09:26:22.938903,186
Small win: shipping without burnout. Curious what worked for you.,2025-10-24 00:00:56.272118,292
Today I learned a side project. Would love recommendations.,2025-09-18 11:21:29.874695,47
Trying out how to stay focused. Happy to share notes.,2026-03-16 23:35:40.561379,51
Can we normalize better onboarding. Would love recommendations.,2025-05-12 08:04:50.568279,47
Can we normalize better onboarding. Let me know if you want details.,2026-04-05 04:21:12.436737,289
Weekend plan: meal prep for busy weeks. Would love recommendations.,2026-02-14 04:51:35.525957,67
Today I learned a side project. Curious what worked for you.,2025-08-01 03:05:08.127681,207
Hot take: a cleaner API pattern. Happy to share notes.,2025-09-14 01:34:14.679742,42
Learning how to stay focused. Back to building.,2025-05-17 03:33:42.567550,196
Hot take: how to stay focused. Happy to share notes.,2025-11-21 02:16:25.972866,103
Can we normalize a side project. This saved me hours.,2025-10-28 14:04:28.884632,277
Anyone else how to stay focused. Would love recommendations.,2025-06-13 21:25:01.818433,161
Just shipped using SQL window functions. Would love recommendations.,2025-12-19 14:48:36.770239,277
Small win: testing Flask apps. Happy to share notes.,2026-01-09 06:22:09.561466,31
Weekend plan: a side project. Still iterating.,2025-09-02 18:47:15.215026,160
Trying out how to stay focused. Thoughts?,2025-05-25 23:16:48.820962,270
Just shipped better onboarding. Still iterating.,2025-06-14 13:17:54.774057,288
Can we normalize shipping without burnout. Let me know if you want details.,2025-09-06 17:09:50.114609,240
Anyone else a side project. Would love recommendations.,2025-12-09 23:23:11.251667,278
PSA: a side project. Thoughts?,2025-10-16 20:37:49.681162,252
Hot take: shipping without burnout. This saved me hours.,2025-09-17 21:52:52.725346,204
Learning keeping meetings short. Still iterating.,2025-11-15 16:38:34.242138,108
PSA: better onboarding. Happy to share notes.,2025-07-20 13:30:22.470860,104
Today I learned a side project. Back to building.,2026-02-08 00:59:50.190663,292
Trying out testing Flask apps. Back to building.,2026-01-28 03:22:55.011265,240
Reminder: better onboarding. Back to building.,2025-07-21 05:33:07.410779,155
Can we normalize writing docs first. Back to building.,2025-09-16 21:31:59.898644,89
Just shipped how to stay focused. Happy to share notes.,2025-09-02 18:35:59.835576,64
Learning meal prep for busy weeks. Would love recommendations.,2025-10-12 19:44:12.926172,257
Reminder: a side project. Still iterating.,2026-03-09 23:42:24.291860,221
PSA: writing docs first. Would love recommendations.,2025-08-16 05:44:27.092666,1
Today I learned keeping meetings short. Let me know if you want details.,2025-10-21 23:16:13.094736,100
Reminder: a side project. Thoughts?,2026-02-28 13:20:31.808631,66
Learning shipping without burnout. Thoughts?,2025-09-03 11:32:12.426251,290
Anyone else how to stay focused. This saved me hours.,2026-03-03 17:03:02.364498,66
Weekend plan: debugging auth bugs. Curious what worked for you.,2026-03-14 18:23:54.362156,196
Small win: better onboarding. Thoughts?,2025-09-26 22:21:21.421957,6
Trying out shipping without burnout. Back to building.,2025-05-13 21:06:56.554431,98
Reminder: using SQL window functions. Happy to share notes.,2025-10-06 21:05:43.256648,64
Just shipped how to stay focused. This saved me hours.,2025-07-15 00:41:13.015265,224
Anyone else debugging auth bugs. Let me know if you want details.,2025-09-15 18:13:13.057425,171
Just shipped designing for accessibility. Back to building.,2026-04-09 10:54:41.247898,297
Reminder: writing docs first. Would love recommendations.,2026-01-16 08:22:52.906418,245
Can we normalize how to stay focused. Still iterating.,2026-01-21 01:00:26.163774,78
Can we normalize designing for accessibility. Back to building.,2025-04-26 03:43:52.477515,85
Small win: better onboarding. Would love recommendations.,2025-10-04 05:41:52.706716,264
PSA: keeping meetings short. Let me know if you want details.,2025-11-20 20:53:08.746428,29
Learning using SQL window functions. Back to building.,2026-03-31 14:12:58.005650,38
Quick thread: a cleaner API pattern. Happy to share notes.,2025-04-28 17:37:58.126241,56
Weekend plan: debugging auth bugs. Curious what worked for you.,2026-03-07 08:33:49.507525,98
Just shipped shipping without burnout. Still iterating.,2025-05-13 03:19:19.725978,233
Just shipped keeping meetings short. Still iterating.,2026-01-09 13:12:14.400335,59
Reminder: better onboarding. Let me know if you want details.,2025-09-05 19:43:15.468172,157
Hot take: writing docs first. This saved me hours.,2025-11-29 20:51:02.735665,53
Quick thread: shipping without burnout. Happy to share notes.,2026-01-10 04:27:18.308922,129
Just shipped debugging auth bugs. This saved me hours.,2025-06-20 17:29:56.399750,240
Anyone else keeping meetings short. Let me know if you want details.,2025-10-03 15:41:04.711371,32
Learning writing docs first. Thoughts?,2025-08-27 07:40:29.080404,169
PSA: a side project. Still iterating.,2026-01-09 18:08:11.028357,189
Anyone else meal prep for busy weeks. Happy to share notes.,2026-02-19 03:51:00.874685,109
Just shipped meal prep for busy weeks. Still iterating.,2025-11-09 01:24:38.098215,256
Trying out a side project. Still iterating.,2025-09-09 22:44:07.229897,297
Hot take: keeping meetings short. Happy to share notes.,2026-04-14 22:40:28.261205,188
Hot take: a cleaner API pattern. Would love recommendations.,2025-11-08 17:22:11.290050,255
Reminder: writing docs first. Back to building.,2025-08-31 18:15:47.924324,51
Anyone else how to stay focused. Curious what worked for you.,2026-01-19 12:20:16.188184,32
Just shipped writing docs first. Thoughts?,2026-03-02 09:21:18.705534,61
Anyone else how to stay focused. Let me know if you want details.,2025-07-08 01:06:44.461370,35
Reminder: meal prep for busy weeks. Back to building.,2025-06-21 17:07:53.366859,74
PSA: better onboarding. Would love recommendations.,2025-07-28 22:55:07.413231,69
Anyone else meal prep for busy weeks. Let me know if you want details.,2025-11-15 18:05:56.668604,36
Learning designing for accessibility. Would love recommendations.,2025-05-01 12:14:33.832406,93
Reminder: a side project. Still iterating.,2025-08-26 01:01:51.745944,42
Anyone else how to stay focused. Back to building.,2025-12-18 11:59:25.467967,80
PSA: how to stay focused. Would love recommendations.,2026-02-03 12:41:54.790145,40
Weekend plan: a side project. Back to building.,2026-01-25 04:08:09.533796,199
Anyone else testing Flask apps. Would love recommendations.,2026-03-13 03:45:08.837928,292
Anyone else shipping without burnout. This saved me hours.,2025-12-07 21:00:02.239020,68
Can we normalize using SQL window functions. Would love recommendations.,2025-12-11 17:39:43.457741,69
Small win: meal prep for busy weeks. Still iterating.,2026-01-04 18:08:25.049893,104
PSA: meal prep for busy weeks. This saved me hours.,2026-02-04 08:30:47.874911,123
PSA: designing for accessibility. This saved me hours.,2025-12-28 04:27:38.718931,15
Today I learned designing for accessibility. Happy to share notes.,2025-07-19 00:00:35.850395,262
Weekend plan: better onboarding. Still iterating.,2026-02-18 15:55:56.022064,27
PSA: designing for accessibility. Curious what worked for you.,2025-11-17 00:35:45.922651,35
Can we normalize testing Flask apps. Let me know if you want details.,2025-07-08 23:27:13.752366,194
Can we normalize shipping without burnout. This saved me hours.,2026-04-08 13:07:14.462626,58
Anyone else a side project. Thoughts?,2025-05-21 05:04:51.598553,208
Small win: debugging auth bugs. Thoughts?,2026-02-20 01:08:25.369058,62
Today I learned a side project. Let me know if you want details.,2025-05-01 14:41:47.443026,275
Reminder: better onboarding. Let me know if you want details.,2025-08-31 09:45:34.255620,67
Trying out shipping without burnout. This saved me hours.,2025-05-08 01:00:09.294077,210
Learning a side project. This saved me hours.,2025-07-12 21:52:28.105449,200
Hot take: designing for accessibility. Let me know if you want details.,2025-06-09 22:42:02.346475,163
Quick thread: keeping meetings short. Would love recommendations.,2025-08-03 12:25:03.843965,119
Quick thread: a cleaner API pattern. Let me know if you want details.,2026-01-07 04:20:44.797596,199
Just shipped testing Flask apps. Would love recommendations.,2026-03-02 10:19:46.480124,38
Hot take: writing docs first. Let me know if you want details.,2025-05-01 04:57:28.181686,228
Reminder: meal prep for busy weeks. This saved me hours.,2025-07-27 21:52:41.527542,148
Hot take: keeping meetings short. Thoughts?,2025-11-18 23:55:38.273715,246
Learning debugging auth bugs. Thoughts?,2025-11-09 11:14:49.711017,174
Weekend plan: using SQL window functions. Curious what worked for you.,2026-03-08 17:37:54.446978,98
Anyone else testing Flask apps. This saved me hours.,2025-10-10 00:49:13.020643,215
Hot take: a cleaner API pattern. Let me know if you want details.,2025-07-04 02:42:32.119582,93
Learning meal prep for busy weeks. Still iterating.,2026-03-04 02:46:12.562838,133
Learning a side project. This saved me hours.,2025-05-16 04:10:27.325060,67
Trying out writing docs first. Curious what worked for you.,2026-01-16 04:14:13.930809,12
Anyone else shipping without burnout. Curious what worked for you.,2026-02-08 00:51:51.193209,146
Weekend plan: designing for accessibility. Back to building.,2026-03-20 09:41:53.239640,158
Weekend plan: debugging auth bugs. Would love recommendations.,2025-10-28 19:16:59.735723,106
Quick thread: a cleaner API pattern. Let me know if you want details.,2026-01-21 04:44:14.222979,296
PSA: better onboarding. Let me know if you want details.,2025-07-02 19:12:25.252916,57
PSA: using SQL window functions. Still iterating.,2026-04-02 20:19:19.610080,263
Learning debugging auth bugs. Curious what worked for you.,2025-08-13 05:36:10.606396,10
Trying out meal prep for busy weeks. Let me know if you want details.,2025-07-22 23:59:23.205248,68
Anyone else meal prep for busy weeks. This saved me hours.,2026-02-04 00:11:16.206734,270
Hot take: meal prep for busy weeks. Would love recommendations.,2025-10-22 22:03:40.842875,226
Today I learned meal prep for busy weeks. Back to building.,2026-01-03 21:05:14.174685,41
Reminder: a cleaner API pattern. Thoughts?,2025-10-06 23:09:08.663608,12
Anyone else debugging auth bugs. This saved me hours.,2025-11-29 12:07:41.919543,236
Small win: shipping without burnout. Happy to share notes.,2025-07-28 15:58:31.234485,267
Can we normalize how to stay focused. Curious what worked for you.,2025-10-19 07:14:46.270272,70
Today I learned designing for accessibility. Still iterating.,2025-07-23 06:53:18.490283,166
Small win: keeping meetings short. Happy to share notes.,2026-04-07 02:07:57.343555,110
Small win: debugging auth bugs. Curious what worked for you.,2025-10-06 00:12:29.742184,133
Can we normalize using SQL window functions. Curious what worked for you.,2026-03-22 04:16:42.276298,217
Reminder: a cleaner API pattern. Still iterating.,2025-10-06 21:21:02.676090,122
Anyone else a side project. Thoughts?,2025-10-18 08:53:28.945789,119
Weekend plan: shipping without burnout. Thoughts?,2025-07-26 22:14:43.772772,218
Trying out shipping without burnout. Thoughts?,2025-11-01 08:27:28.938050,167
Weekend plan: debugging auth bugs. Back to building.,2026-03-05 16:47:30.228881,105
Can we normalize testing Flask apps. Back to building.,2025-12-01 02:40:26.417814,182
Can we normalize debugging auth bugs. Still iterating.,2025-07-20 06:30:54.777387,86
Anyone else how to stay focused. Happy to share notes.,2026-02-01 14:05:51.570201,86
Small win: debugging auth bugs. Happy to share notes.,2025-05-02 00:32:31.397554,293
Weekend plan: a cleaner API pattern. Happy to share notes.,2026-01-02 02:04:58.969772,121
Small win: how to stay focused. Happy to share notes.,2026-04-12 16:55:11.370486,186
Quick thread: designing for accessibility. Let me know if you want details.,2025-04-26 18:25:05.849428,55
Hot take: how to stay focused. Back to building.,2026-01-17 08:03:36.253603,220
Hot take: a cleaner API pattern. This saved me hours.,2025-09-21 14:13:28.843298,139
Weekend plan: shipping without burnout. Let me know if you want details.,2026-04-13 20:28:54.604135,227
PSA: better onboarding. Still iterating.,2025-06-27 04:19:08.585232,28
PSA: testing Flask apps. Back to building.,2025-09-08 15:28:49.114315,32
Reminder: using SQL window functions. Let me know if you want details.,2025-07-05 22:47:53.497407,280
Learning using SQL window functions. Would love recommendations.,2026-01-03 05:51:30.565629,124
Learning a cleaner API pattern. Would love recommendations.,2026-01-31 17:24:13.057889,218
Weekend plan: debugging auth bugs. Curious what worked for you.,2026-01-27 21:11:10.979048,87
Learning testing Flask apps. Let me know if you want details.,2026-03-09 15:29:07.795886,13
Small win: debugging auth bugs. Happy to share notes.,2025-12-04 14:14:47.263732,247
Trying out a side project. Let me know if you want details.,2026-01-07 09:05:56.593234,18
Just shipped using SQL window functions. Let me know if you want details.,2025-05-05 08:32:22.080230,87
Weekend plan: a side project. Curious what worked for you.,2025-07-01 21:56:40.045749,1
Small win: testing Flask apps. Curious what worked for you.,2025-12-13 22:51:43.766279,31
Small win: a side project. Back to building.,2025-12-02 13:30:35.328332,171
Can we normalize meal prep for busy weeks. Curious what worked for you.,2025-08-15 08:09:53.715954,255
Reminder: meal prep for busy weeks. Would love recommendations.,2025-11-13 23:46:54.487062,65
Hot take: writing docs first. Happy to share notes.,2025-07-28 03:05:50.799322,279
Today I learned writing docs first. This saved me hours.,2025-08-30 08:49:48.691046,240
Trying out better onboarding. Back to building.,2025-05-11 14:52:26.802451,67
Hot take: a side project. Happy to share notes.,2026-02-09 04:29:51.039463,2
Hot take: keeping meetings short. Back to building.,2026-02-19 14:36:52.781953,65
Just shipped a side project. Still iterating.,2025-11-04 09:46:43.795942,205
Hot take: writing docs first. Back to building.,2025-09-26 02:53:31.144920,48
Reminder: a cleaner API pattern. Back to building.,2025-09-24 20:11:38.263536,52
PSA: keeping meetings short. Still iterating.,2025-11-27 18:08:54.548658,157
Today I learned testing Flask apps. Would love recommendations.,2025-12-16 20:27:43.433630,51
Reminder: designing for accessibility. Would love recommendations.,2025-08-24 15:59:35.894392,95
PSA: how to stay focused. Let me know if you want details.,2025-09-23 16:06:21.280576,263
Today I learned keeping meetings short. Would love recommendations.,2026-02-16 07:32:29.663199,146
Quick thread: better onboarding. Still iterating.,2025-10-20 12:27:20.140274,248
Quick thread: shipping without burnout. This saved me hours.,2025-07-08 23:36:58.688023,74
PSA: keeping meetings short. Back to building.,2026-04-01 14:16:00.348655,264
Weekend plan: keeping meetings short. Curious what worked for you.,2025-06-20 19:06:02.730515,209
Today I learned a side project. Back to building.,2025-11-01 09:37:03.734586,220
Today I learned shipping without burnout. Let me know if you want details.,2025-10-17 04:54:04.150050,39
Can we normalize how to stay focused. Still iterating.,2026-03-29 11:22:16.367152,240
Reminder: using SQL window functions. Curious what worked for you.,2025-08-06 18:39:44.070187,162
Today I learned better onboarding. Would love recommendations.,2025-08-19 00:07:43.853839,278
Can we normalize testing Flask apps. This saved me hours.,2025-11-06 12:53:58.915709,126
Learning meal prep for busy weeks. This saved me hours.,2025-12-08 21:53:59.956708,55
Small win: a cleaner API pattern. Still iterating.,2026-01-01 06:00:33.415798,146
Small win: debugging auth bugs. This saved me hours.,2026-02-02 12:35:51.140687,26
Quick thread: a cleaner API pattern. Thoughts?,2025-05-19 09:53:11.011861,216
Just shipped meal prep for busy weeks. Happy to share notes.,2025-12-05 10:19:57.002917,13
Anyone else shipping without burnout. Thoughts?,2025-05-24 13:43:38.088455,249
Hot take: better onboarding. Still iterating.,2025-10-29 06:29:46.816000,5
Anyone else keeping meetings short. Thoughts?,2026-01-27 16:30:17.276028,290
Can we normalize shipping without burnout. This saved me hours.,2025-11-01 13:21:25.807635,254
Today I learned debugging auth bugs. Happy to share notes.,2025-05-11 12:58:58.433527,181
Anyone else debugging auth bugs. Would love recommendations.,2025-06-17 20:35:36.087908,109
Can we normalize using SQL window functions. Still iterating.,2026-04-09 08:30:22.950479,145
Quick thread: keeping meetings short. Thoughts?,2025-07-31 02:32:04.682685,111
Trying out a cleaner API pattern. Happy to share notes.,2025-05-18 21:55:34.432341,151
Quick thread: testing Flask apps. Would love recommendations.,2025-11-03 03:26:20.142568,238
Learning using SQL window functions. Thoughts?,2025-07-07 06:05:49.719311,82
Reminder: better onboarding. Curious what worked for you.,2025-10-13 15:38:25.986649,124
Reminder: debugging auth bugs. Let me know if you want details.,2025-09-04 20:40:25.241296,127
Learning keeping meetings short. Thoughts?,2025-12-20 19:42:09.481285,57
PSA: designing for accessibility. Back to building.,2025-06-13 18:46:40.482491,203
Today I learned how to stay focused. This saved me hours.,2025-05-29 03:16:28.733997,141
PSA: writing docs first. Back to building.,2026-02-12 15:00:46.026941,58
Today I learned meal prep for busy weeks. Curious what worked for you.,2025-06-23 19:26:33.211466,277
Small win: writing docs first. Happy to share notes.,2026-02-08 23:24:55.873168,276
Learning a side project. Happy to share notes.,2025-05-10 03:26:19.597435,67
Reminder: how to stay focused. Back to building.,2025-10-14 11:57:52.042290,131
Trying out meal prep for busy weeks. Back to building.,2025-10-01 16:32:13.916893,280
Hot take: writing docs first. Back to building.,2025-12-13 15:03:21.406045,279
Weekend plan: designing for accessibility. Still iterating.,2025-11-14 07:45:42.747092,184
Weekend plan: meal prep for busy weeks. Let me know if you want details.,2025-06-22 22:45:19.089813,194
Trying out using SQL window functions. Let me know if you want details.,2026-03-03 16:22:47.834079,240
Small win: meal prep for busy weeks. This saved me hours.,2025-12-29 01:19:04.332749,185
Small win: using SQL window functions. Thoughts?,2025-06-19 21:35:02.795624,110
Hot take: using SQL window functions. Back to building.,2025-10-21 14:10:40.984396,137
Anyone else testing Flask apps. Happy to share notes.,2026-04-17 12:23:20.749096,231
Learning keeping meetings short. Would love recommendations.,2026-01-14 21:51:09.666830,32
Can we normalize keeping meetings short. Happy to share notes.,2026-02-26 19:36:30.174806,173
Weekend plan: debugging auth bugs. Thoughts?,2025-04-26 01:09:27.628008,76
Anyone else testing Flask apps. Curious what worked for you.,2025-09-25 01:20:16.144347,75
PSA: a side project. Thoughts?,2025-11-28 17:31:46.771855,270
Learning meal prep for busy weeks. Happy to share notes.,2026-02-18 11:17:06.177778,57
PSA: shipping without burnout. Back to building.,2025-05-09 19:16:07.767462,256
Weekend plan: debugging auth bugs. Curious what worked for you.,2025-12-09 08:07:26.460333,215
Today I learned meal prep for busy weeks. Let me know if you want details.,2026-02-01 13:04:21.727721,253
Small win: debugging auth bugs. Happy to share notes.,2025-07-24 11:35:41.017880,187
Hot take: meal prep for busy weeks. Let me know if you want details.,2026-03-18 17:48:51.512523,132
Hot take: writing docs first. Still iterating.,2025-11-16 23:01:13.967708,182
Learning a side project. Still iterating.,2025-08-18 15:26:39.861380,163
Hot take: keeping meetings short. This saved me hours.,2025-07-15 12:30:16.869814,11
Anyone else keeping meetings short. Would love recommendations.,2025-09-06 01:40:52.130456,10
Weekend plan: using SQL window functions. This saved me hours.,2025-06-07 10:54:12.458017,233
Weekend plan: better onboarding. This saved me hours.,2025-08-10 20:04:23.110888,276
Reminder: debugging auth bugs. Still iterating.,2025-09-12 17:23:45.367912,164
Trying out how to stay focused. Still iterating.,2025-07-26 05:01:37.204713,257
Can we normalize a side project. Still iterating.,2025-06-04 08:32:16.913177,232
Quick thread: writing docs first. Thoughts?,2025-05-20 19:24:16.919095,156
Learning how to stay focused. Back to building.,2025-09-03 21:05:31.916289,107
Anyone else better onboarding. Let me know if you want details.,2025-09-08 09:41:27.946818,96
Anyone else a side project. Happy to share notes.,2026-03-23 11:50:37.794818,150
Anyone else designing for accessibility. Curious what worked for you.,2025-10-27 11:08:34.152274,184
PSA: better onboarding. Would love recommendations.,2026-03-06 17:31:14.734893,127
Hot take: shipping without burnout. Would love recommendations.,2025-08-10 18:24:36.336986,294
Small win: better onboarding. This saved me hours.,2026-01-22 20:13:07.471241,189
Just shipped how to stay focused. This saved me hours.,2026-04-18 02:24:07.802819,130
Small win: testing Flask apps. Still iterating.,2026-02-02 07:58:37.030430,262
Weekend plan: how to stay focused. Would love recommendations.,2025-11-09 06:51:16.092943,18
Trying out how to stay focused. Still iterating.,2026-02-11 22:23:31.447039,179
Quick thread: shipping without burnout. Back to building.,2025-04-23 21:22:19.232839,236
Trying out debugging auth bugs. Would love recommendations.,2026-04-19 10:57:52.752733,41
Small win: better onboarding. Let me know if you want details.,2025-10-27 18:10:40.158868,283
Reminder: writing docs first. Thoughts?,2025-12-12 20:32:43.638421,25
Quick thread: meal prep for busy weeks. Would love recommendations.,2026-03-29 03:42:33.318083,37
PSA: how to stay focused. Curious what worked for you.,2025-09-19 05:00:55.596984,214
Trying out a cleaner API pattern. Thoughts?,2026-01-30 17:26:29.385206,144
Today I learned designing for accessibility. Would love recommendations.,2025-12-09 13:48:10.140326,86
Reminder: debugging auth bugs. Thoughts?,2025-08-06 19:05:31.851916,128
Anyone else keeping meetings short. This saved me hours.,2026-02-19 16:19:10.575637,222
Quick thread: a side project. Let me know if you want details.,2026-03-13 20:05:28.360133,127
Hot take: how to stay focused. Would love recommendations.,2026-02-07 21:56:34.409790,162
Today I learned using SQL window functions. Still iterating.,2025-12-30 05:34:07.504724,57
Weekend plan: better onboarding. Would love recommendations.,2025-08-07 02:34:37.291255,17
Small win: designing for accessibility. Thoughts?,2025-11-24 14:57:23.793390,111
Today I learned a cleaner API pattern. Happy to share notes.,2025-08-05 23:55:42.604954,108
Can we normalize designing for accessibility. Happy to share notes.,2026-02-14 18:39:31.228222,133
Weekend plan: how to stay focused. Back to building.,2025-12-25 20:29:15.653774,53
Anyone else a side project. Let me know if you want details.,2025-04-24 17:37:38.385099,38
Hot take: meal prep for busy weeks. Would love recommendations.,2025-12-09 22:10:15.945071,155
Just shipped using SQL window functions. Let me know if you want details.,2025-08-22 02:45:37.424923,168
Quick thread: a cleaner API pattern. Curious what worked for you.,2026-02-19 09:09:39.090050,271
Learning designing for accessibility. Happy to share notes.,2026-03-20 16:12:46.059269,235
Weekend plan: using SQL window functions. This saved me hours.,2026-01-07 07:52:51.419033,96
Can we normalize debugging auth bugs. Thoughts?,2025-05-08 23:15:45.982095,270
Quick thread: a side project. Back to building.,2025-11-08 19:13:53.041682,267
Learning writing docs first. Would love recommendations.,2025-12-14 04:09:36.490012,100
Hot take: a cleaner API pattern. Back to building.,2025-09-18 00:08:39.820867,113
Quick thread: meal prep for busy weeks. Let me know if you want details.,2025-04-29 10:37:16.978513,189
Just shipped shipping without burnout. Curious what worked for you.,2025-05-18 07:16:09.416378,76
Hot take: writing docs first. Back to building.,2025-06-08 00:30:28.112811,18
Just shipped how to stay focused. Would love recommendations.,2025-10-14 09:04:30.239684,100
Weekend plan: how to stay focused. This saved me hours.,2025-05-25 01:39:02.886350,149
Reminder: shipping without burnout. Back to building.,2026-01-24 16:08:38.429725,276
Reminder: writing docs first. Would love recommendations.,2025-08-28 00:04:22.807864,291
Trying out using SQL window functions. Back to building.,2025-08-06 05:18:06.897471,120
Small win: meal prep for busy weeks. Curious what worked for you.,2026-04-16 18:05:02.918653,20
Reminder: meal prep for busy weeks. Curious what worked for you.,2025-09-04 07:54:30.416263,104
Just shipped debugging auth bugs. Still iterating.,2026-03-27 18:00:04.432395,189
Learning better onboarding. Still iterating.,2025-11-03 13:12:59.703186,220
Learning writing docs first. Curious what worked for you.,2025-05-21 07:18:50.122532,1
Can we normalize a side project. Back to building.,2025-10-27 09:08:50.439532,145
Learning testing Flask apps. Happy to share notes.,2025-10-26 00:05:19.636641,167
PSA: testing Flask apps. Still iterating.,2025-05-19 10:09:03.932591,117
Reminder: testing Flask apps. Let me know if you want details.,2025-07-02 03:11:33.996405,193
Small win: better onboarding. Back to building.,2025-08-23 05:45:29.361599,164
Hot take: shipping without burnout. Happy to share notes.,2026-03-21 12:28:27.573602,101
PSA: using SQL window functions. Back to building.,2025-05-29 23:34:44.244734,10
Learning shipping without burnout. Thoughts?,2025-10-15 04:14:43.430284,238
Reminder: debugging auth bugs. Would love recommendations.,2025-05-16 07:17:07.110971,179
Anyone else writing docs first. Back to building.,2026-04-13 10:26:55.606352,122
Can we normalize testing Flask apps. Back to building.,2025-05-22 04:23:15.542822,217
Hot take: a cleaner API pattern. Let me know if you want details.,2025-08-08 23:38:45.804218,96
Trying out a cleaner API pattern. This saved me hours.,2025-09-20 07:36:11.797846,11
Weekend plan: writing docs first. Back to building.,2025-11-21 08:59:17.477887,21
Anyone else testing Flask apps. Let me know if you want details.,2026-03-31 18:27:56.691133,230
Small win: testing Flask apps. Let me know if you want details.,2025-10-16 22:29:54.071365,224
Anyone else a cleaner API pattern. Would love recommendations.,2026-02-05 08:57:15.304424,220
PSA: designing for accessibility. Would love recommendations.,2025-06-20 12:32:22.455534,65
Quick thread: shipping without burnout. Back to building.,2025-12-21 11:16:33.484566,299
Learning debugging auth bugs. This saved me hours.,2026-03-15 19:40:49.879131,138
Hot take: meal prep for busy weeks. Curious what worked for you.,2026-02-11 10:51:44.749196,51
Reminder: testing Flask apps. Back to building.,2025-09-12 00:51:31.782055,268
Today I learned a cleaner API pattern. Curious what worked for you.,2025-05-13 16:22:57.927138,244
Small win: designing for accessibility. Still iterating.,2025-12-07 11:22:57.350230,106
Trying out testing Flask apps. Back to building.,2026-02-05 07:47:45.490647,112
Trying out writing docs first. This saved me hours.,2026-04-04 16:27:51.108475,278
Learning keeping meetings short. Happy to share notes.,2025-11-02 09:50:39.756078,124
Hot take: testing Flask apps. Happy to share notes.,2025-12-25 13:01:51.949039,47
Can we normalize using SQL window functions. Let me know if you want details.,2025-07-19 07:19:02.856517,9
Just shipped a cleaner API pattern. This saved me hours.,2025-05-16 01:30:30.348227,176
Small win: writing docs first. Curious what worked for you.,2026-01-03 22:22:40.302465,215
Hot take: debugging auth bugs. Let me know if you want details.,2025-09-19 02:16:38.834461,231
Anyone else testing Flask apps. Would love recommendations.,2025-10-21 18:22:15.157796,127
Can we normalize how to stay focused. Let me know if you want details.,2026-03-31 00:39:47.576548,109
Can we normalize using SQL window functions. Happy to share notes.,2025-12-13 04:52:36.509610,245
Weekend plan: writing docs first. Thoughts?,2025-06-08 13:47:13.472053,240
Anyone else debugging auth bugs. Happy to share notes.,2025-09-03 04:07:38.244918,179
Trying out using SQL window functions. Thoughts?,2026-01-25 18:52:57.233399,170
Hot take: shipping without burnout. This saved me hours.,2026-02-15 04:56:40.286247,249
Reminder: meal prep for busy weeks. Back to building.,2025-04-30 20:22:34.672000,259
Quick thread: debugging auth bugs. Thoughts?,2025-07-09 06:38:52.011585,282
Can we normalize testing Flask apps. Back to building.,2025-12-20 08:13:08.396163,29
Today I learned writing docs first. Let me know if you want details.,2025-11-27 23:03:01.027328,157
Can we normalize writing docs first. Would love recommendations.,2025-12-14 03:44:54.993138,52
Reminder: debugging auth bugs. Thoughts?,2025-08-11 06:11:25.974554,127
Small win: using SQL window functions. Let me know if you want details.,2026-03-26 08:50:43.063545,84
Hot take: better onboarding. Curious what worked for you.,2025-11-29 15:58:23.743834,182
Anyone else better onboarding. Would love recommendations.,2025-06-13 19:03:22.818181,189
Small win: better onboarding. Thoughts?,2025-09-27 19:37:30.812702,214
PSA: a side project. Would love recommendations.,2026-01-24 05:42:22.431718,154
Today I learned designing for accessibility. This saved me hours.,2026-04-14 20:01:24.832694,293
Quick thread: better onboarding. Still iterating.,2025-12-01 23:16:00.248616,24
Learning a side project. Would love recommendations.,2025-12-20 09:35:41.241321,14
Weekend plan: a side project. Happy to share notes.,2026-02-06 14:23:21.595465,32
Today I learned writing docs first. Happy to share notes.,2025-12-05 18:35:56.620948,96
Small win: better onboarding. Let me know if you want details.,2026-04-13 20:40:56.345842,167
Hot take: keeping meetings short. Curious what worked for you.,2025-10-23 18:35:49.938501,92
Small win: keeping meetings short. Still iterating.,2025-12-01 12:14:28.788378,144
PSA: debugging auth bugs. Still iterating.,2025-10-12 19:34:35.470830,88
Small win: designing for accessibility. Curious what worked for you.,2026-01-04 01:27:12.334669,133
Learning meal prep for busy weeks. Back to building.,2025-11-19 16:00:53.494012,102
Anyone else keeping meetings short. Would love recommendations.,2026-02-16 00:19:30.391301,109
Small win: shipping without burnout. This saved me hours.,2025-05-05 22:05:53.069357,47
Can we normalize keeping meetings short. This saved me hours.,2026-04-01 14:31:07.202430,298
Weekend plan: testing Flask apps. This saved me hours.,2026-03-09 11:19:56.754893,169
Reminder: writing docs first. Still iterating.,2025-10-13 08:09:00.889991,66
Quick thread: better onboarding. Still iterating.,2026-01-15 08:52:42.565772,113
Learning a side project. Curious what worked for you.,2025-11-25 22:53:04.948206,191
Just shipped using SQL window functions. Happy to share notes.,2026-03-29 14:53:00.668629,262
Hot take: a cleaner API pattern. Still iterating.,2026-02-04 03:40:08.740940,122
Anyone else using SQL window functions. This saved me hours.,2025-05-05 11:25:06.174124,49
Hot take: shipping without burnout. Happy to share notes.,2026-03-09 12:11:25.748309,261
Just shipped a side project. Still iterating.,2026-03-01 09:26:54.870213,90
Just shipped a side project. This saved me hours.,2025-06-20 23:16:02.063984,289
Weekend plan: designing for accessibility. Still iterating.,2026-03-02 18:11:39.544255,249
Anyone else keeping meetings short. This saved me hours.,2026-03-30 05:24:32.543455,266
Reminder: using SQL window functions. Still iterating.,2025-05-02 10:41:05.444466,24
Today I learned using SQL window functions. This saved me hours.,2025-08-10 05:52:33.118590,78
Trying out a side project. Curious what worked for you.,2025-06-04 11:05:59.917684,162
Anyone else better onboarding. This saved me hours.,2025-05-29 09:15:16.371985,86
Just shipped testing Flask apps. Still iterating.,2025-07-18 02:33:33.254068,214
PSA: a side project. Thoughts?,2026-04-14 04:20:09.245818,108
Today I learned testing Flask apps. This saved me hours.,2025-08-03 11:17:42.370837,46
Anyone else shipping without burnout. Would love recommendations.,2026-03-02 03:55:42.415018,49
Anyone else using SQL window functions. Still iterating.,2025-08-16 21:06:25.674648,101
PSA: shipping without burnout. This saved me hours.,2025-08-27 02:00:19.934200,202
Learning designing for accessibility. Let me know if you want details.,2026-04-08 12:56:27.154961,232
Can we normalize designing for accessibility. This saved me hours.,2025-09-28 16:03:31.332618,178
Small win: keeping meetings short. Back to building.,2025-12-07 10:11:02.080633,183
Hot take: designing for accessibility. This saved me hours.,2026-02-14 12:42:12.301125,197
Small win: how to stay focused. This saved me hours.,2025-04-22 13:42:30.656826,37
Trying out meal prep for busy weeks. Thoughts?,2025-08-29 18:31:56.256195,160
Quick thread: a side project. Let me know if you want details.,2025-09-19 12:25:09.590466,238
Just shipped debugging auth bugs. This saved me hours.,2025-12-27 00:52:08.543913,20
Anyone else a side project. Curious what worked for you.,2025-12-13 09:48:22.683110,292
Anyone else better onboarding. Happy to share notes.,2025-08-04 04:37:18.907813,254
Today I learned using SQL window functions. Still iterating.,2025-09-07 22:25:25.594972,165
Weekend plan: testing Flask apps. Back to building.,2025-11-28 05:06:42.280227,244
Trying out how to stay focused. This saved me hours.,2026-01-15 21:48:48.504289,262
Today I learned keeping meetings short. Curious what worked for you.,2025-11-15 19:40:14.625333,107
Small win: using SQL window functions. This saved me hours.,2025-07-19 06:02:04.804313,89
Small win: designing for accessibility. Thoughts?,2026-03-27 03:19:45.987295,33
Just shipped testing Flask apps. Let me know if you want details.,2025-05-12 16:38:52.360601,141
Hot take: shipping without burnout. Curious what worked for you.,2025-05-05 09:06:18.962134,71
Reminder: how to stay focused. Let me know if you want details.,2025-09-04 06:49:32.238109,133
Anyone else how to stay focused. Happy to share notes.,2025-04-25 08:30:05.777094,158
Learning meal prep for busy weeks. Thoughts?,2025-12-05 11:18:50.933181,185
Anyone else a side project. Happy to share notes.,2025-10-25 20:18:20.956890,48
Weekend plan: shipping without burnout. Let me know if you want details.,2025-10-02 18:17:11.338622,143
Trying out testing Flask apps. Back to building.,2026-01-22 22:45:04.498678,27
Learning testing Flask apps. Let me know if you want details.,2026-02-23 17:55:49.128889,279
Can we normalize debugging auth bugs. Back to building.,2026-03-14 06:50:25.025253,207
Trying out debugging auth bugs. Thoughts?,2026-03-26 05:15:37.527540,264
Reminder: designing for accessibility. Curious what worked for you.,2025-07-27 06:45:47.752680,264
Anyone else how to stay focused. Still iterating.,2025-10-20 02:06:13.564599,186
Learning how to stay focused. Let me know if you want details.,2025-07-02 06:33:03.426044,74
Can we normalize meal prep for busy weeks. Curious what worked for you.,2025-06-23 23:14:39.771415,107
Learning debugging auth bugs. Let me know if you want details.,2026-03-13 13:16:28.693665,150
PSA: how to stay focused. Back to building.,2026-01-15 09:45:33.836475,265
PSA: debugging auth bugs. Let me know if you want details.,2025-07-26 02:44:11.352290,218
Can we normalize designing for accessibility. Let me know if you want details.,2025-07-18 14:44:01.209102,15
Today I learned debugging auth bugs. Still iterating.,2026-04-10 19:45:46.416723,288
Just shipped designing for accessibility. This saved me hours.,2026-03-02 04:43:52.442383,10
Reminder: a cleaner API pattern. Happy to share notes.,2025-11-26 16:44:30.737111,86
Learning a side project. Would love recommendations.,2026-01-19 17:53:53.885947,116
Just shipped testing Flask apps. Happy to share notes.,2025-07-14 18:40:10.850976,90
Weekend plan: a side project. Happy to share notes.,2026-03-25 22:27:19.484637,86
Can we normalize meal prep for busy weeks. Back to building.,2026-04-16 15:05:31.294942,214
Just shipped using SQL window functions. Curious what worked for you.,2025-05-06 01:18:09.032534,200
Weekend plan: testing Flask apps. Curious what worked for you.,2025-11-24 13:52:34.629496,257
PSA: debugging auth bugs. Curious what worked for you.,2025-05-27 01:54:17.224081,114
Quick thread: shipping without burnout. Thoughts?,2025-07-24 17:30:13.393271,189
Quick thread: a cleaner API pattern. This saved me hours.,2025-08-08 00:35:52.594875,267
Quick thread: a cleaner API pattern. Would love recommendations.,2025-12-06 17:44:12.281104,116
Quick thread: using SQL window functions. Happy to share notes.,2025-04-23 15:41:21.453077,187
Weekend plan: a cleaner API pattern. Curious what worked for you.,2026-01-02 06:39:34.901459,243
Reminder: a cleaner API pattern. Thoughts?,2025-07-10 12:12:05.641505,126
Trying out designing for accessibility. Let me know if you want details.,2026-01-12 21:50:40.462347,83
Hot take: a side project. Still iterating.,2025-11-28 08:03:44.494391,188
Reminder: debugging auth bugs. Still iterating.,2026-01-28 20:37:11.770870,147
Anyone else using SQL window functions. Thoughts?,2025-09-07 16:13:03.110333,67
PSA: testing Flask apps. Back to building.,2025-10-31 03:47:39.981526,270
Hot take: a side project. Thoughts?,2026-02-15 14:24:03.440780,204
Trying out writing docs first. Back to building.,2026-03-06 00:07:27.251426,268
Reminder: debugging auth bugs. Back to building.,2026-03-27 21:58:01.227108,178
Quick thread: testing Flask apps. Still iterating.,2025-08-28 16:32:40.539382,32
Reminder: a side project. Would love recommendations.,2025-05-07 23:27:28.914319,148
PSA: keeping meetings short. Curious what worked for you.,2025-10-01 15:07:34.301677,9
PSA: meal prep for busy weeks. Would love recommendations.,2026-02-22 05:03:19.663134,274
PSA: using SQL window functions. Thoughts?,2026-02-21 20:37:04.368602,105
Weekend plan: writing docs first. Let me know if you want details.,2025-07-05 17:26:38.272121,237
Weekend plan: how to stay focused. Would love recommendations.,2026-04-03 12:22:17.752599,3
Reminder: meal prep for busy weeks. Happy to share notes.,2026-04-01 23:24:16.496878,196
Hot take: debugging auth bugs. Thoughts?,2025-05-31 19:03:47.709724,193
Trying out designing for accessibility. Back to building.,2025-12-26 10:22:27.467556,242
Just shipped debugging auth bugs. Would love recommendations.,2025-11-22 23:33:56.544616,48
Trying out how to stay focused. Back to building.,2025-11-21 05:24:59.288389,269
Can we normalize a cleaner API pattern. This saved me hours.,2025-07-22 16:03:46.566562,147
Small win: keeping meetings short. Would love recommendations.,2025-06-03 15:02:46.000820,52
Trying out designing for accessibility. Would love recommendations.,2025-07-12 11:45:22.576226,21
Can we normalize testing Flask apps. Still iterating.,2025-11-09 18:42:55.786294,255
Reminder: keeping meetings short. Happy to share notes.,2026-04-04 19:53:45.642893,60
Anyone else using SQL window functions. Let me know if you want details.,2025-05-12 06:34:28.483448,299
Reminder: shipping without burnout. Would love recommendations.,2025-12-10 02:50:18.867612,197
Can we normalize debugging auth bugs. This saved me hours.,2025-10-02 09:29:20.006148,25
Hot take: shipping without burnout. This saved me hours.,2025-08-26 02:54:11.638419,96
Reminder: designing for accessibility. This saved me hours.,2025-11-26 11:18:31.179143,190
Can we normalize how to stay focused. Would love recommendations.,2025-07-24 20:06:37.125954,200
Anyone else better onboarding. Back to building.,2026-02-17 06:17:39.275073,8
Quick thread: shipping without burnout. Thoughts?,2026-04-18 13:33:46.775899,176
Can we normalize designing for accessibility. Let me know if you want details.,2025-10-10 09:03:46.536544,175
Can we normalize testing Flask apps. Would love recommendations.,2025-11-20 04:38:50.629644,91
Trying out meal prep for busy weeks. Happy to share notes.,2025-07-01 22:31:17.824370,169
Anyone else better onboarding. Still iterating.,2025-05-09 10:17:43.815236,105
Reminder: shipping without burnout. Happy to share notes.,2025-09-22 02:17:40.067710,216
Trying out a cleaner API pattern. Would love recommendations.,2025-06-23 06:17:38.168934,121
PSA: how to stay focused. Back to building.,2025-10-17 09:52:40.180195,115
PSA: a cleaner API pattern. Curious what worked for you.,2025-06-12 18:45:00.009730,250
Can we normalize shipping without burnout. Thoughts?,2025-08-14 19:41:14.660586,71
PSA: testing Flask apps. Back to building.,2026-02-07 21:39:53.285429,166
PSA: meal prep for busy weeks. Thoughts?,2026-01-23 05:45:56.549800,173
Weekend plan: keeping meetings short. Thoughts?,2025-05-06 07:10:58.657442,139
Hot take: shipping without burnout. Happy to share notes.,2026-01-29 04:50:39.778904,59
Can we normalize a side project. This saved me hours.,2025-10-23 09:26:12.262805,188
PSA: designing for accessibility. Still iterating.,2025-11-15 13:12:34.554043,42
Quick thread: better onboarding. Happy to share notes.,2026-03-05 11:05:49.185100,41
Quick thread: a cleaner API pattern. Curious what worked for you.,2025-08-21 08:19:37.529161,18
Quick thread: how to stay focused. Still iterating.,2025-07-04 08:34:55.542494,225
Hot take: a side project. This saved me hours.,2025-10-05 14:42:16.244715,6
Small win: better onboarding. Thoughts?,2025-08-29 03:49:02.380661,110
Hot take: how to stay focused. Let me know if you want details.,2025-12-05 00:07:20.883224,62
Reminder: a cleaner API pattern. Back to building.,2025-08-17 09:32:04.417298,113
Reminder: using SQL window functions. Let me know if you want details.,2025-10-25 03:35:37.492959,54
Quick thread: a cleaner API pattern. This saved me hours.,2025-08-16 02:39:21.093320,55
Trying out debugging auth bugs. Would love recommendations.,2025-12-15 18:08:30.848500,182
Reminder: keeping meetings short. Would love recommendations.,2026-02-18 20:18:49.121782,157
Quick thread: shipping without burnout. Let me know if you want details.,2025-12-29 19:35:49.935803,20
Quick thread: writing docs first. Happy to share notes.,2025-11-19 19:56:53.890916,258
Weekend plan: how to stay focused. Would love recommendations.,2025-08-09 07:52:51.513685,214
Anyone else keeping meetings short. Would love recommendations.,2025-08-02 16:10:25.889640,263
Anyone else testing Flask apps. Thoughts?,2025-10-09 22:23:01.323524,153
PSA: designing for accessibility. Let me know if you want details.,2025-08-08 16:22:31.661172,28
Quick thread: testing Flask apps. Would love recommendations.,2026-03-07 20:50:08.195463,205
PSA: a side project. Would love recommendations.,2025-12-10 17:01:15.711879,175
Small win: how to stay focused. Happy to share notes.,2026-01-14 18:34:15.068935,294
Just shipped debugging auth bugs. Would love recommendations.,2026-04-16 20:43:40.772891,162
Anyone else using SQL window functions. Curious what worked for you.,2025-07-31 03:54:10.717247,299
Learning debugging auth bugs. Back to building.,2026-04-12 02:27:39.429006,264
Just shipped writing docs first. Still iterating.,2026-02-15 02:41:27.218598,291
Anyone else meal prep for busy weeks. Curious what worked for you.,2025-12-10 18:59:41.869546,256
Learning a cleaner API pattern. Still iterating.,2025-11-20 02:13:52.015773,16
Trying out better onboarding. Back to building.,2026-03-25 12:53:17.040537,43
Anyone else testing Flask apps. Curious what worked for you.,2025-04-29 00:18:25.802392,72
Weekend plan: using SQL window functions. Let me know if you want details.,2025-06-20 07:30:15.885722,6
Reminder: better onboarding. Would love recommendations.,2025-11-12 19:01:17.757722,289
Weekend plan: debugging auth bugs. Back to building.,2025-06-21 06:57:54.621307,273
Can we normalize how to stay focused. Would love recommendations.,2026-04-08 01:52:43.433619,268
Small win: debugging auth bugs. This saved me hours.,2025-06-29 12:14:42.460914,4
Can we normalize designing for accessibility. Thoughts?,2026-04-08 13:18:08.083380,180
Trying out meal prep for busy weeks. Thoughts?,2025-12-18 17:25:12.665747,221
Learning designing for accessibility. Would love recommendations.,2025-12-29 22:23:09.253173,10
Learning debugging auth bugs. This saved me hours.,2025-08-18 03:58:43.827884,223
Anyone else how to stay focused. Back to building.,2025-07-17 17:14:42.529330,292
Learning keeping meetings short. Back to building.,2026-01-20 21:10:04.843058,230
Learning keeping meetings short. Thoughts?,2026-01-30 19:15:48.471811,135
Today I learned better onboarding. Would love recommendations.,2026-03-29 03:16:24.893104,141
PSA: using SQL window functions. This saved me hours.,2025-04-28 03:19:32.388584,99
Hot take: a side project. Still iterating.,2025-05-30 05:26:32.518493,12
Just shipped designing for accessibility. Would love recommendations.,2025-06-21 21:42:16.704034,133
Anyone else shipping without burnout. Happy to share notes.,2025-05-05 22:11:11.938063,295
Weekend plan: meal prep for busy weeks. Happy to share notes.,2026-02-16 19:52:56.430597,40
Anyone else a side project. Happy to share notes.,2026-04-19 04:11:38.672494,201
Can we normalize better onboarding. Happy to share notes.,2026-02-07 15:15:39.073410,146
PSA: a side project. Let me know if you want details.,2026-03-01 17:54:05.358231,227
Just shipped writing docs first. Still iterating.,2026-04-22 09:23:12.612868,193
Anyone else how to stay focused. Would love recommendations.,2025-09-11 19:54:02.700547,209
Small win: testing Flask apps. Thoughts?,2025-08-04 23:46:57.437652,128
Anyone else a side project. Would love recommendations.,2025-11-05 02:08:34.988988,94
Hot take: better onboarding. Thoughts?,2026-04-03 18:44:54.695443,153
Can we normalize how to stay focused. Thoughts?,2025-08-16 05:46:15.684518,128
Can we normalize keeping meetings short. Would love recommendations.,2026-04-09 23:59:39.326783,35
Weekend plan: debugging auth bugs. Would love recommendations.,2025-04-27 22:43:54.529989,132
Reminder: writing docs first. Thoughts?,2025-06-03 13:04:13.871455,273
Hot take: designing for accessibility. Happy to share notes.,2026-02-25 06:08:09.317633,300
Today I learned better onboarding. This saved me hours.,2025-12-14 08:35:50.552845,177
Weekend plan: writing docs first. Back to building.,2025-11-09 13:39:57.664808,48
Reminder: debugging auth bugs. Happy to share notes.,2025-08-13 08:25:14.647381,269
Just shipped testing Flask apps. Still iterating.,2026-01-30 21:16:40.009222,259
Small win: better onboarding. Let me know if you want details.,2025-04-28 17:00:31.778176,49
Anyone else writing docs first. Back to building.,2026-03-18 14:36:54.913798,222
Learning debugging auth bugs. Happy to share notes.,2025-05-14 06:27:31.127914,203
Trying out using SQL window functions. Happy to share notes.,2025-09-03 11:42:45.281376,204
Hot take: designing for accessibility. Would love recommendations.,2025-05-16 23:41:45.061559,175
Learning debugging auth bugs. Still iterating.,2026-01-12 12:01:12.918787,190
Reminder: how to stay focused. Let me know if you want details.,2026-03-23 05:34:41.673668,107
Small win: a cleaner API pattern. Let me know if you want details.,2025-08-03 17:57:33.129547,103
PSA: writing docs first. Happy to share notes.,2026-04-16 08:31:47.299224,257
Reminder: a side project. Curious what worked for you.,2025-06-06 12:29:55.251373,147
Reminder: writing docs first. Thoughts?,2026-01-16 06:35:23.414872,48
Quick thread: a cleaner API pattern. Would love recommendations.,2025-04-26 23:19:25.191081,8
Hot take: writing docs first. Let me know if you want details.,2026-02-25 16:45:43.997410,211
Weekend plan: better onboarding. This saved me hours.,2025-10-31 13:36:03.279862,213
Trying out designing for accessibility. Still iterating.,2026-02-18 14:36:30.808623,117
Reminder: how to stay focused. Curious what worked for you.,2025-05-28 03:09:19.959305,68
Trying out keeping meetings short. This saved me hours.,2025-09-23 11:57:13.537356,109
Small win: keeping meetings short. Back to building.,2025-12-13 16:28:51.332231,52
Learning writing docs first. Would love recommendations.,2025-08-13 22:15:38.787783,136
Can we normalize testing Flask apps. Still iterating.,2025-11-02 19:27:17.067621,94
Small win: using SQL window functions. Back to building.,2025-07-03 03:53:05.587369,106
Weekend plan: keeping meetings short. Would love recommendations.,2025-12-09 13:47:49.527444,57
Learning designing for accessibility. Happy to share notes.,2026-03-15 21:44:14.008413,114
Weekend plan: shipping without burnout. This saved me hours.,2026-02-24 04:01:49.545511,64
Today I learned a cleaner API pattern. Let me know if you want details.,2026-02-03 22:24:22.636475,10
PSA: designing for accessibility. Curious what worked for you.,2026-01-07 06:06:50.529359,31
Trying out writing docs first. Curious what worked for you.,2025-06-03 14:45:15.561833,255
Today I learned writing docs first. Still iterating.,2025-12-21 03:21:04.651760,269
Small win: debugging auth bugs. Would love recommendations.,2025-09-23 16:54:55.938249,78
PSA: using SQL window functions. Let me know if you want details.,2025-12-10 12:23:35.053702,237
Just shipped designing for accessibility. Let me know if you want details.,2026-01-13 10:48:44.153726,109
Hot take: shipping without burnout. Back to building.,2025-05-16 13:45:35.887498,243
Anyone else meal prep for busy weeks. Let me know if you want details.,2025-08-05 08:56:21.068347,278
Just shipped how to stay focused. Thoughts?,2025-08-02 06:45:09.309346,32
Hot take: a cleaner API pattern. Thoughts?,2025-07-18 17:39:07.182441,134
Trying out how to stay focused. Happy to share notes.,2025-05-14 14:41:55.070070,276
Reminder: keeping meetings short. Thoughts?,2025-07-22 21:33:05.856178,194
Learning keeping meetings short. Still iterating.,2025-10-07 07:29:18.569378,222
Weekend plan: how to stay focused. This saved me hours.,2025-05-11 11:20:17.262643,238
PSA: debugging auth bugs. Let me know if you want details.,2026-02-06 11:26:43.310091,205
PSA: using SQL window functions. Back to building.,2026-01-20 16:11:55.817768,20
Quick thread: a side project. Let me know if you want details.,2025-10-04 16:12:48.937041,94
Learning using SQL window functions. Still iterating.,2026-01-18 15:14:32.329892,163
Small win: debugging auth bugs. Curious what worked for you.,2025-06-06 22:52:43.812630,66
Today I learned using SQL window functions. Let me know if you want details.,2025-06-26 22:18:09.193431,198
Anyone else using SQL window functions. Still iterating.,2026-03-12 22:44:16.890685,92
Just shipped better onboarding. Happy to share notes.,2025-08-27 10:02:25.669876,152
Learning keeping meetings short. Happy to share notes.,2025-10-26 19:44:09.680119,62
Hot take: writing docs first. Let me know if you want details.,2026-02-12 04:21:43.202808,63
Hot take: writing docs first. Back to building.,2026-01-22 04:08:55.790525,220
Anyone else designing for accessibility. This saved me hours.,2025-09-12 14:55:39.662568,164
Today I learned designing for accessibility. Back to building.,2026-02-07 03:47:24.332127,210
Small win: writing docs first. This saved me hours.,2025-08-28 06:07:10.526133,16
Just shipped using SQL window functions. Would love recommendations.,2026-03-17 18:56:44.302185,278
Hot take: writing docs first. Curious what worked for you.,2025-09-13 14:05:32.375740,166
Can we normalize a side project. Let me know if you want details.,2026-01-19 08:05:05.589294,264
Quick thread: how to stay focused. Happy to share notes.,2025-12-12 04:44:46.735065,44
Weekend plan: meal prep for busy weeks. Back to building.,2026-02-01 12:35:35.190156,92
Learning a cleaner API pattern. Let me know if you want details.,2025-05-03 16:23:09.680620,222
Hot take: better onboarding. Let me know if you want details.,2025-12-09 06:57:22.837185,116
Hot take: a cleaner API pattern. Happy to share notes.,2026-04-11 16:41:36.772496,217
Anyone else writing docs first. Curious what worked for you.,2025-11-17 02:48:59.422076,166
Small win: how to stay focused. Let me know if you want details.,2025-11-03 14:52:30.813848,295
Hot take: designing for accessibility. This saved me hours.,2026-01-29 23:59:06.921748,106
Hot take: testing Flask apps. Let me know if you want details.,2026-03-02 15:12:55.224549,32
Weekend plan: better onboarding. Let me know if you want details.,2025-06-27 22:41:51.917124,92
Weekend plan: meal prep for busy weeks. Let me know if you want details.,2026-01-20 06:09:42.525201,276
Just shipped better onboarding. Still iterating.,2026-01-05 14:26:56.488820,134
Can we normalize debugging auth bugs. Let me know if you want details.,2025-11-11 22:28:43.350196,216
Today I learned a side project. Still iterating.,2026-01-07 05:46:17.547090,156
Trying out using SQL window functions. Would love recommendations.,2025-10-04 22:54:27.806989,50
Hot take: a cleaner API pattern. Happy to share notes.,2026-04-06 00:13:21.263580,132
Can we normalize shipping without burnout. Still iterating.,2026-02-26 03:16:27.201720,51
Just shipped shipping without burnout. Curious what worked for you.,2026-04-05 15:24:33.569227,164
PSA: how to stay focused. Curious what worked for you.,2025-04-25 11:24:37.703832,117
Just shipped debugging auth bugs. Still iterating.,2026-04-19 23:55:19.884015,283
Trying out a cleaner API pattern. Happy to share notes.,2026-02-20 13:44:24.161394,122
Learning keeping meetings short. Curious what worked for you.,2025-08-13 00:16:21.214484,232
Small win: designing for accessibility. Would love recommendations.,2025-07-22 23:36:08.068415,216
Hot take: a cleaner API pattern. Let me know if you want details.,2026-01-22 16:42:41.099907,84
Trying out testing Flask apps. Curious what worked for you.,2025-05-09 07:48:45.127469,11
Just shipped debugging auth bugs. This saved me hours.,2026-03-15 14:46:39.907726,20
Small win: debugging auth bugs. Happy to share notes.,2026-01-01 03:08:00.128377,110
Hot take: designing for accessibility. Happy to share notes.,2025-12-02 12:16:15.186125,174
Can we normalize using SQL window functions. Thoughts?,2025-12-29 04:34:07.489507,126
Today I learned designing for accessibility. This saved me hours.,2025-12-22 00:49:10.117201,176
PSA: debugging auth bugs. Would love recommendations.,2025-07-17 00:47:13.356229,126
PSA: a side project. This saved me hours.,2026-01-03 09:32:06.412472,146
PSA: keeping meetings short. Would love recommendations.,2025-12-08 13:51:51.393547,299
Reminder: writing docs first. Happy to share notes.,2025-05-24 05:21:35.959152,108
Trying out designing for accessibility. Let me know if you want details.,2025-09-24 06:02:46.298975,253
Trying out writing docs first. Let me know if you want details.,2025-07-28 07:21:36.605135,188
Weekend plan: testing Flask apps. This saved me hours.,2025-07-09 00:23:46.364270,256
Anyone else keeping meetings short. Happy to share notes.,2025-05-17 20:53:34.181489,162
Weekend plan: writing docs first. Thoughts?,2026-01-29 21:09:15.273893,283
Anyone else keeping meetings short. Curious what worked for you.,2025-10-02 17:24:40.624609,238
PSA: testing Flask apps. Happy to share notes.,2025-12-03 20:15:33.114442,10
Small win: keeping meetings short. Thoughts?,2026-03-20 02:15:56.647938,164
Trying out a cleaner API pattern. Let me know if you want details.,2026-04-10 17:43:23.660079,167
Trying out designing for accessibility. Curious what worked for you.,2025-05-25 23:44:40.375015,64
Learning debugging auth bugs. Thoughts?,2025-08-31 01:34:26.901549,263
Just shipped testing Flask apps. Still iterating.,2025-07-23 09:38:57.614479,46
Anyone else writing docs first. Let me know if you want details.,2025-09-11 15:03:59.075613,290
Today I learned testing Flask apps. Let me know if you want details.,2025-11-27 02:12:03.367397,118
Small win: shipping without burnout. Thoughts?,2026-04-08 15:17:48.878148,28
Today I learned keeping meetings short. Back to building.,2025-10-25 03:02:17.449454,127
Today I learned better onboarding. Happy to share notes.,2025-09-28 00:56:08.055956,153
Reminder: debugging auth bugs. Still iterating.,2026-02-01 10:39:46.143686,49
Anyone else designing for accessibility. Happy to share notes.,2026-03-06 13:35:59.528422,174
Today I learned shipping without burnout. Back to building.,2026-04-03 21:21:58.431677,162
Quick thread: using SQL window functions. Would love recommendations.,2025-08-23 04:58:17.650007,35
Small win: a cleaner API pattern. This saved me hours.,2025-09-07 23:54:28.630506,192
Quick thread: a side project. Happy to share notes.,2025-08-16 03:19:44.693271,155
Quick thread: better onboarding. Let me know if you want details.,2025-11-15 04:23:18.068891,287
Quick thread: meal prep for busy weeks. Thoughts?,2025-10-05 20:41:13.832414,246
Learning how to stay focused. Let me know if you want details.,2025-05-31 23:20:53.851187,172
Reminder: using SQL window functions. Back to building.,2025-07-26 23:26:38.077245,264
Learning writing docs first. This saved me hours.,2025-10-31 13:59:26.415221,131
Reminder: meal prep for busy weeks. Curious what worked for you.,2026-03-05 12:10:37.496575,77
Weekend plan: a side project. This saved me hours.,2025-07-10 09:02:14.038597,160
Reminder: meal prep for busy weeks. Back to building.,2026-01-28 21:17:09.826055,138
Weekend plan: writing docs first. Curious what worked for you.,2026-03-15 10:04:49.008504,270
PSA: writing docs first. Thoughts?,2026-01-21 15:44:03.015369,84
Just shipped testing Flask apps. This saved me hours.,2025-08-31 18:03:59.600372,295
Can we normalize keeping meetings short. Let me know if you want details.,2025-06-08 23:58:36.254207,239
Learning a side project. This saved me hours.,2026-02-08 16:18:13.189802,6
Quick thread: better onboarding. Back to building.,2025-12-12 00:59:58.406378,250
Trying out a cleaner API pattern. Still iterating.,2025-12-31 13:45:59.127738,71
Trying out shipping without burnout. Still iterating.,2026-04-05 18:48:17.224731,56
Today I learned a side project. Thoughts?,2025-07-12 01:11:26.370565,72
Hot take: how to stay focused. Let me know if you want details.,2025-05-28 10:47:13.050918,132
Learning debugging auth bugs. This saved me hours.,2026-04-08 13:55:18.451703,227
Quick thread: shipping without burnout. Curious what worked for you.,2025-09-07 23:58:59.869749,110
PSA: how to stay focused. Curious what worked for you.,2025-08-10 01:01:06.815645,177
Hot take: better onboarding. Would love recommendations.,2025-08-19 08:38:15.922436,229
Can we normalize using SQL window functions. Thoughts?,2026-04-18 07:30:09.041152,80
Anyone else testing Flask apps. Back to building.,2026-04-14 13:33:36.546601,65
Trying out writing docs first. This saved me hours.,2025-12-28 04:38:52.967370,219
Today I learned how to stay focused. Thoughts?,2026-04-21 16:19:00.982078,113
Today I learned how to stay focused. Thoughts?,2025-05-08 02:28:13.552628,45
Quick thread: designing for accessibility. Thoughts?,2026-02-24 20:56:07.176496,158
Just shipped testing Flask apps. Curious what worked for you.,2025-11-11 22:17:06.679723,151
Today I learned writing docs first. Let me know if you want details.,2026-03-14 06:48:13.872374,295
Anyone else keeping meetings short. Let me know if you want details.,2025-05-14 23:45:23.356422,75
Learning a cleaner API pattern. Let me know if you want details.,2025-04-25 07:51:03.549584,186
Small win: keeping meetings short. Happy to share notes.,2025-06-14 17:16:29.873663,148
Today I learned better onboarding. Let me know if you want details.,2026-04-16 03:08:48.865097,8
Can we normalize designing for accessibility. Back to building.,2025-06-16 18:24:57.592785,50
PSA: using SQL window functions. Let me know if you want details.,2025-10-06 19:39:20.744540,230
Quick thread: keeping meetings short. Back to building.,2025-07-02 23:15:07.782559,191
Quick thread: a cleaner API pattern. Still iterating.,2025-10-12 15:24:18.536020,236
Can we normalize better onboarding. This saved me hours.,2025-10-06 00:03:10.304655,177
Reminder: testing Flask apps. Let me know if you want details.,2025-06-17 21:22:50.959886,49
Small win: meal prep for busy weeks. Back to building.,2026-02-22 17:33:36.851557,272
Reminder: shipping without burnout. Curious what worked for you.,2025-12-09 17:34:49.223839,186
Weekend plan: better onboarding. Happy to share notes.,2025-09-25 19:03:51.840093,61
Reminder: how to stay focused. Still iterating.,2026-01-24 03:55:37.425128,37
Just shipped using SQL window functions. Happy to share notes.,2026-02-15 06:09:04.726153,290
PSA: a cleaner API pattern. Let me know if you want details.,2026-02-26 16:55:39.141135,222
Learning how to stay focused. Happy to share notes.,2026-01-19 12:57:16.064844,118
Weekend plan: a cleaner API pattern. This saved me hours.,2025-06-25 11:39:27.124368,182
Can we normalize designing for accessibility. Thoughts?,2025-10-15 06:18:08.592303,220
Just shipped how to stay focused. Thoughts?,2025-05-23 13:08:02.587977,171
Trying out shipping without burnout. Still iterating.,2025-05-16 12:14:09.742284,234
Trying out shipping without burnout. Would love recommendations.,2025-08-19 16:24:01.804069,129
Hot take: debugging auth bugs. This saved me hours.,2025-05-04 17:17:17.822446,164
Reminder: better onboarding. Would love recommendations.,2026-04-03 01:00:03.913516,124
Anyone else how to stay focused. Thoughts?,2025-06-13 05:22:56.146085,284
Anyone else shipping without burnout. Would love recommendations.,2025-05-24 00:00:33.477803,23
Just shipped designing for accessibility. Back to building.,2025-11-13 15:26:21.323532,61
Hot take: writing docs first. This saved me hours.,2025-04-28 20:44:20.348870,124
Reminder: a side project. Curious what worked for you.,2025-05-17 13:07:55.872786,248
Weekend plan: testing Flask apps. Happy to share notes.,2025-12-31 19:38:16.791795,174
Just shipped meal prep for busy weeks. Would love recommendations.,2025-09-20 06:58:32.706651,113
Just shipped designing for accessibility. Thoughts?,2026-04-20 14:46:14.713736,291
Can we normalize using SQL window functions. This saved me hours.,2025-06-11 23:20:17.766871,151
Anyone else better onboarding. Thoughts?,2025-04-28 15:12:05.717970,115
Just shipped meal prep for busy weeks. Would love recommendations.,2025-09-09 13:42:27.721199,267
Learning a side project. Let me know if you want details.,2026-01-04 04:06:13.574578,109
Small win: using SQL window functions. This saved me hours.,2025-05-02 18:19:25.536292,235
Small win: shipping without burnout. Happy to share notes.,2026-01-08 03:02:30.079484,21
Quick thread: debugging auth bugs. Happy to share notes.,2025-07-12 06:15:58.404961,256
Just shipped better onboarding. Curious what worked for you.,2025-11-15 04:20:07.389539,121
Reminder: using SQL window functions. This saved me hours.,2025-06-01 02:21:51.847574,160
Trying out writing docs first. Let me know if you want details.,2025-11-10 13:01:25.509356,209
Can we normalize a side project. Back to building.,2025-10-23 02:17:20.663707,167
Weekend plan: testing Flask apps. Happy to share notes.,2026-03-25 09:10:14.217776,26
Can we normalize how to stay focused. This saved me hours.,2025-04-29 21:56:04.823908,280
Can we normalize using SQL window functions. Curious what worked for you.,2026-03-01 09:10:58.579405,83
Anyone else how to stay focused. Still iterating.,2025-04-29 02:52:35.283036,112
PSA: writing docs first. Thoughts?,2025-07-08 11:29:17.188956,244
Quick thread: a cleaner API pattern. Let me know if you want details.,2025-06-07 23:40:54.624277,252
Reminder: testing Flask apps. Curious what worked for you.,2025-09-25 09:56:30.345498,55
Small win: better onboarding. Happy to share notes.,2025-10-09 10:10:40.758358,209
Can we normalize writing docs first. Thoughts?,2025-12-30 10:58:07.894265,130
Hot take: writing docs first. Still iterating.,2026-03-01 19:46:55.643699,88
Can we normalize designing for accessibility. Thoughts?,2025-12-26 09:14:29.209396,157
Weekend plan: a cleaner API pattern. Curious what worked for you.,2025-08-22 11:18:27.287743,161
Quick thread: a cleaner API pattern. Thoughts?,2025-12-21 03:09:37.265388,252
PSA: designing for accessibility. Still iterating.,2025-11-06 00:07:14.316639,97
Small win: keeping meetings short. Thoughts?,2026-01-23 17:51:49.564376,247
Learning a side project. Thoughts?,2025-09-15 19:58:27.808600,272
Trying out testing Flask apps. Happy to share notes.,2025-12-22 11:05:22.536512,69
Small win: better onboarding. Curious what worked for you.,2026-02-03 05:01:47.016374,17
Reminder: testing Flask apps. This saved me hours.,2025-06-06 10:13:28.573800,8
Reminder: how to stay focused. Would love recommendations.,2025-09-16 03:59:29.867174,84
Trying out shipping without burnout. Still iterating.,2026-01-30 14:13:27.355006,177
Anyone else a side project. Let me know if you want details.,2025-08-20 01:23:42.811945,145
Hot take: a side project. Let me know if you want details.,2025-12-13 17:40:24.578417,13
Hot take: using SQL window functions. Let me know if you want details.,2026-02-20 00:51:56.639572,113
Trying out using SQL window functions. Happy to share notes.,2025-11-14 00:28:04.829444,256
PSA: better onboarding. Curious what worked for you.,2025-12-24 20:10:15.162586,214
PSA: a side project. Let me know if you want details.,2025-10-24 03:13:34.739961,249
Hot take: a side project. Curious what worked for you.,2025-08-13 06:41:31.771752,77
Anyone else a cleaner API pattern. This saved me hours.,2025-10-26 09:17:03.800473,132
Small win: a cleaner API pattern. Happy to share notes.,2026-04-01 20:26:19.167993,59
Small win: a cleaner API pattern. Thoughts?,2025-12-06 16:09:41.795651,38
Reminder: designing for accessibility. Let me know if you want details.,2025-12-15 13:21:56.538393,112
Just shipped shipping without burnout. Curious what worked for you.,2025-07-06 16:23:13.813558,70
Small win: better onboarding. Happy to share notes.,2025-11-14 05:00:11.940052,231
Quick thread: using SQL window functions. Curious what worked for you.,2026-04-07 21:38:53.120780,83
PSA: testing Flask apps. Back to building.,2025-07-03 15:07:31.234618,139
Quick thread: writing docs first. Would love recommendations.,2025-06-05 05:40:54.804428,259
Today I learned writing docs first. Back to building.,2026-02-27 14:46:10.554582,90
Just shipped meal prep for busy weeks. Would love recommendations.,2025-10-14 21:08:48.506257,99
Small win: debugging auth bugs. Still iterating.,2025-09-19 02:50:16.203557,217
Can we normalize designing for accessibility. Back to building.,2026-03-15 14:43:26.072922,156
Quick thread: writing docs first. Thoughts?,2026-02-25 22:28:46.952158,164
Trying out keeping meetings short. This saved me hours.,2025-08-30 23:37:07.740339,152
Can we normalize debugging auth bugs. Let me know if you want details.,2025-09-13 03:45:29.608103,45
Trying out writing docs first. Back to building.,2025-08-13 00:06:26.257653,182
Weekend plan: writing docs first. Still iterating.,2026-01-24 18:36:49.252028,191
Learning keeping meetings short. Let me know if you want details.,2025-11-29 04:03:48.975079,52
Small win: better onboarding. Still iterating.,2025-05-05 10:13:44.909119,287
Anyone else how to stay focused. Curious what worked for you.,2025-08-23 13:03:07.399210,93
Can we normalize designing for accessibility. Let me know if you want details.,2025-07-17 14:07:21.571988,56
Weekend plan: a side project. Still iterating.,2025-06-26 07:07:06.027311,114
Today I learned writing docs first. Would love recommendations.,2026-01-28 12:48:04.215860,57
Learning better onboarding. Let me know if you want details.,2026-02-12 02:22:41.712354,108
Hot take: a side project. Let me know if you want details.,2025-09-21 08:37:33.030314,287
Trying out keeping meetings short. Let me know if you want details.,2026-04-02 05:21:13.136358,100
Reminder: shipping without burnout. Back to building.,2025-05-11 21:07:58.852403,147
Reminder: better onboarding. Back to building.,2025-07-26 19:39:03.881945,187
Just shipped shipping without burnout. Happy to share notes.,2025-09-19 19:20:47.673728,76
Anyone else testing Flask apps. Would love recommendations.,2025-09-13 06:01:53.084825,202
Trying out testing Flask apps. Curious what worked for you.,2026-01-03 01:40:38.422691,130
Just shipped meal prep for busy weeks. Thoughts?,2025-07-10 03:43:50.018853,13
Quick thread: designing for accessibility. Let me know if you want details.,2025-08-03 00:58:10.217538,192
Small win: how to stay focused. This saved me hours.,2026-03-14 22:42:15.315003,237
Learning better onboarding. Still iterating.,2025-07-07 07:12:46.223089,205
Today I learned how to stay focused. Let me know if you want details.,2025-11-30 13:05:44.184117,167
Hot take: a cleaner API pattern. Let me know if you want details.,2025-07-31 07:41:38.200491,109
Today I learned a side project. Still iterating.,2025-08-14 14:04:41.208415,196
Reminder: designing for accessibility. Thoughts?,2025-09-20 18:52:05.025120,169
PSA: a cleaner API pattern. Would love recommendations.,2026-02-05 22:56:43.377640,171
Reminder: a cleaner API pattern. Would love recommendations.,2025-08-24 09:38:53.915628,61
Can we normalize better onboarding. Let me know if you want details.,2025-07-06 03:50:03.917636,243
Weekend plan: how to stay focused. Would love recommendations.,2025-12-08 23:47:49.445322,188
Learning designing for accessibility. Still iterating.,2026-04-03 13:39:30.464521,127
Anyone else keeping meetings short. Back to building.,2025-10-12 03:52:11.193506,115
PSA: better onboarding. Still iterating.,2025-09-20 05:02:48.603287,280
Quick thread: shipping without burnout. This saved me hours.,2025-11-05 18:31:48.968345,160
Learning shipping without burnout. Back to building.,2025-11-02 06:06:49.902123,121
Hot take: designing for accessibility. This saved me hours.,2026-02-19 12:34:13.559157,140
Today I learned writing docs first. Thoughts?,2025-09-07 00:52:26.142228,220
PSA: a side project. Would love recommendations.,2025-06-27 08:41:26.920877,172
Weekend plan: using SQL window functions. Thoughts?,2025-06-14 05:05:38.222493,107
Learning testing Flask apps. Still iterating.,2025-07-07 09:40:42.345067,39
Reminder: a side project. Happy to share notes.,2026-03-11 13:31:19.697117,224
Just shipped a cleaner API pattern. Curious what worked for you.,2025-10-03 22:07:38.192721,85
PSA: writing docs first. Would love recommendations.,2025-11-13 22:39:13.077748,138
Quick thread: debugging auth bugs. Still iterating.,2026-04-21 06:44:29.023419,77
PSA: debugging auth bugs. Back to building.,2025-04-26 00:35:54.123328,244
Just shipped keeping meetings short. Curious what worked for you.,2025-08-16 16:11:32.681960,42
Learning how to stay focused. Let me know if you want details.,2026-03-26 01:45:09.188964,118
