email,username,image_url,password,bio,header_image_url,location
quinnlee1@yahoo.com,quinnlee1,https://randomuser.me/api/portraits/men/95.jpg,$2b$12$Q1PUFjhN/AWRQ21LbGYvjeLpZZB6lfZ1BPwifHALGO6oIbyC3CmJe,Photographer in Lisbon. Into design and gaming.,https://picsum.photos/id/106/1200/400,Seattle
alexjackson2@outlook.com,alexjackson2,https://randomuser.me/api/portraits/women/85.jpg,$2b$12$Q1PUFjhN/AWRQ21LbGYvjeLpZZB6lfZ1BPwifHALGO6oIbyC3CmJe,Photographer in Atlanta. Into photography and hiking.,https://picsum.photos/id/15/1200/400,San Francisco
rowanmartinez3@proton.me,rowanmartinez3,https://randomuser.me/api/portraits/women/4.jpg,$2b$12$Q1PUFjhN/AWRQ21LbGYvjeLpZZB6lfZ1BPwifHALGO6oIbyC3CmJe,Founder in London. Into AI and coffee.,https://picsum.photos/id/34/1200/400,Sydney
cameronlee4@outlook.com,cameronlee4,https://randomuser.me/api/portraits/men/8.jpg,$2b$12$Q1PUFjhN/AWRQ21LbGYvjeLpZZB6lfZ1BPwifHALGO6oIbyC3CmJe,Backend engineer in London. Into design and travel.,https://picsum.photos/id/102/1200/400,Seattle
morgankim5@proton.me,morgankim5,https://randomuser.me/api/portraits/women/30.jpg,$2b$12$Q1PUFjhN/AWRQ21LbGYvjeLpZZB6lfZ1BPwifHALGO6oIbyC3CmJe,Teacher in Mumbai. Into travel and photography.,https://picsum.photos/id/106/1200/400,Berlin
parkerdavis6@gmail.com,parkerdavis6,https://randomuser.me/api/portraits/women/62.jpg,$2b$12$Q1PUFjhN/AWRQ21LbGYvjeLpZZB6lfZ1BPwifHALGO6oIbyC3CmJe,Product designer in Denver. Into startups and design.,https://picsum.photos/id/110/1200/400,Seattle
emersondavis7@outlook.com,emersondavis7,https://randomuser.me/api/portraits/men/64.jpg,$2b$12$Q1PUFjhN/AWRQ21LbGYvjeLpZZB6lfZ1BPwifHALGO6oIbyC3CmJe,Mobile developer in New York. Into travel and open source.,https://picsum.photos/id/28/1200/400,San Francisco
skylerpatel8@gmail.com,skylerpatel8,https://randomuser.me/api/portraits/men/96.jpg,$2b$12$Q1PUFjhN/AWRQ21LbGYvjeLpZZB6lfZ1BPwifHALGO6oIbyC3CmJe,Marketing lead in San Francisco. Into running and gaming.,https://picsum.photos/id/127/1200/400,Berlin
rileylewis9@outlook.com,rileylewis9,https://randomuser.me/api/portraits/men/90.jpg,$2b$12$Q1PUFjhN/AWRQ21LbGYvjeLpZZB6lfZ1BPwifHALGO6oIbyC3CmJe,Mobile developer in San Francisco. Into cycling and movies.,https://picsum.photos/id/82/1200/400,New York
cameronlopez10@yahoo.com,cameronlopez10,https://randomuser.me/api/portraits/women/91.jpg,$2b$12$Q1PUFjhN/AWRQ21LbGYvjeLpZZB6lfZ1BPwifHALGO6oIbyC3CmJe,Backend engineer in San Francisco. Into movies and AI.,https://picsum.photos/id/57/1200/400,San Francisco
emersonsingh11@proton.me,emersonsingh11,https://randomuser.me/api/portraits/men/3.jpg,$2b$12$Q1PUFjhN/AWRQ21LbGYvjeLpZZB6lfZ1BPwifHALGO6oIbyC3CmJe,Product designer in Seattle. Into AI and coffee.,https://picsum.photos/id/100/1200/400,Seattle
cameronclark12@proton.me,cameronclark12,https://randomuser.me/api/portraits/men/23.jpg,$2b$12$Q1PUFjhN/AWRQ21LbGYvjeLpZZB6lfZ1BPwifHALGO6oIbyC3CmJe,Backend engineer in Chicago. Into photography and music.,https://picsum.photos/id/43/1200/400,Mumbai
skylerjohnson13@yahoo.com,skylerjohnson13,https://randomuser.me/api/portraits/women/38.jpg,$2b$12$Q1PUFjhN/AWRQ21LbGYvjeLpZZB6lfZ1BPwifHALGO6oIbyC3CmJe,Photographer in Seattle. Into photography and startups.,https://picsum.photos/id/21/1200/400,Los Angeles
drewbrown14@outlook.com,drewbrown14,https://randomuser.me/api/portraits/women/42.jpg,$2b$12$Q1PUFjhN/AWRQ21LbGYvjeLpZZB6lfZ1BPwifHALGO6oIbyC3CmJe,Product designer in Toronto. Into AI and cycling.,https://picsum.photos/id/15/1200/400,Los Angeles
jordanlee15@proton.me,jordanlee15,https://randomuser.me/api/portraits/women/31.jpg,$2b$12$Q1PUFjhN/AWRQ21LbGYvjeLpZZB6lfZ1BPwifHALGO6oIbyC3CmJe,Photographer in Chicago. Into travel and music.,https://picsum.photos/id/21/1200/400,Atlanta
jordanpatel16@gmail.com,jordanpatel16,https://randomuser.me/api/portraits/women/48.jpg,$2b$12$Q1PUFjhN/AWRQ21LbGYvjeLpZZB6lfZ1BPwifHALGO6oIbyC3CmJe,Backend engineer in London. Into cycling and open source.,https://picsum.photos/id/15/1200/400,Austin
parkerdavis17@outlook.com,parkerdavis17,https://randomuser.me/api/portraits/men/67.jpg,$2b$12$Q1PUFjhN/AWRQ21LbGYvjeLpZZB6lfZ1BPwifHALGO6oIbyC3CmJe,Backend engineer in Lisbon. Into cycling and travel.,https://picsum.photos/id/36/1200/400,Atlanta
kendallhernandez18@outlook.com,kendallhernandez18,https://randomuser.me/api/portraits/men/68.jpg,$2b$12$Q1PUFjhN/AWRQ21LbGYvjeLpZZB6lfZ1BPwifHALGO6oIbyC3CmJe,ML engineer in Sydney. Into cooking and startups.,https://picsum.photos/id/79/1200/400,London
jamieclark19@yahoo.com,jamieclark19,https://randomuser.me/api/portraits/men/62.jpg,$2b$12$Q1PUFjhN/AWRQ21LbGYvjeLpZZB6lfZ1BPwifHALGO6oIbyC3CmJe,Mobile developer in Berlin. Into open source and gaming.,https://picsum.photos/id/10/1200/400,Los Angeles
sagenguyen20@outlook.com,sagenguyen20,https://randomuser.me/api/portraits/women/41.jpg,$2b$12$Q1PUFjhN/AWRQ21LbGYvjeLpZZB6lfZ1BPwifHALGO6oIbyC3CmJe,Mobile developer in Chicago. Into open source and running.,https://picsum.photos/id/16/1200/400,Los Angeles
kendalllewis21@yahoo.com,kendalllewis21,https://randomuser.me/api/portraits/women/53.jpg,$2b$12$Q1PUFjhN/AWRQ21LbGYvjeLpZZB6lfZ1BPwifHALGO6oIbyC3CmJe,Mobile developer in Berlin. Into photography and running.,https://picsum.photos/id/102/1200/400,London
taylorwilson22@proton.me,taylorwilson22,https://randomuser.me/api/portraits/women/75.jpg,$2b$12$Q1PUFjhN/AWRQ21LbGYvjeLpZZB6lfZ1BPwifHALGO6oIbyC3CmJe,Marketing lead in Toronto. Into AI and movies.,https://picsum.photos/id/72/1200/400,Chicago
kendallnguyen23@proton.me,kendallnguyen23,https://randomuser.me/api/portraits/men/23.jpg,$2b$12$Q1PUFjhN/AWRQ21LbGYvjeLpZZB6lfZ1BPwifHALGO6oIbyC3CmJe,DevRel in Mumbai. Into cycling and movies.,https://picsum.photos/id/18/1200/400,Toronto
sagelee24@yahoo.com,sagelee24,https://randomuser.me/api/portraits/women/67.jpg,$2b$12$Q1PUFjhN/AWRQ21LbGYvjeLpZZB6lfZ1BPwifHALGO6oIbyC3CmJe,Photographer in New York. Into AI and design.,https://picsum.photos/id/57/1200/400,San Francisco
sagedavis25@proton.me,sagedavis25,https://randomuser.me/api/portraits/women/53.jpg,$2b$12$Q1PUFjhN/AWRQ21LbGYvjeLpZZB6lfZ1BPwifHALGO6oIbyC3CmJe,Teacher in Singapore. Into movies and open source.,https://picsum.photos/id/106/1200/400,New York
kendallthomas26@proton.me,kendallthomas26,https://randomuser.me/api/portraits/women/91.jpg,$2b$12$Q1PUFjhN/AWRQ21LbGYvjeLpZZB6lfZ1BPwifHALGO6oIbyC3CmJe,Mobile developer in Singapore. Into AI and hiking.,https://picsum.photos/id/15/1200/400,Atlanta
caseymartin27@proton.me,caseymartin27,https://randomuser.me/api/portraits/women/75.jpg,$2b$12$Q1PUFjhN/AWRQ21LbGYvjeLpZZB6lfZ1BPwifHALGO6oIbyC3CmJe,Data analyst in Seattle. Into open source and travel.,https://picsum.photos/id/50/1200/400,Toronto
parkerhernandez28@gmail.com,parkerhernandez28,https://randomuser.me/api/portraits/men/15.jpg,$2b$12$Q1PUFjhN/AWRQ21LbGYvjeLpZZB6lfZ1BPwifHALGO6oIbyC3CmJe,DevRel in Los Angeles. Into open source and cycling.,https://picsum.photos/id/18/1200/400,Toronto
kendallmartin29@yahoo.com,kendallmartin29,https://randomuser.me/api/portraits/men/53.jpg,$2b$12$Q1PUFjhN/AWRQ21LbGYvjeLpZZB6lfZ1BPwifHALGO6oIbyC3CmJe,Teacher in New York. Into running and startups.,https://picsum.photos/id/127/1200/400,San Francisco
reesejohnson30@yahoo.com,reesejohnson30,https://randomuser.me/api/portraits/men/43.jpg,$2b$12$Q1PUFjhN/AWRQ21LbGYvjeLpZZB6lfZ1BPwifHALGO6oIbyC3CmJe,ML engineer in Atlanta. Into cooking and cycling.,https://picsum.photos/id/36/1200/400,Atlanta
averylee31@gmail.com,averylee31,https://randomuser.me/api/portraits/men/37.jpg,$2b$12$Q1PUFjhN/AWRQ21LbGYvjeLpZZB6lfZ1BPwifHALGO6oIbyC3CmJe,Data analyst in London. Into photography and music.,https://picsum.photos/id/92/1200/400,Atlanta
taylorbrown32@gmail.com,taylorbrown32,https://randomuser.me/api/portraits/women/38.jpg,$2b$12$Q1PUFjhN/AWRQ21LbGYvjeLpZZB6lfZ1BPwifHALGO6oIbyC3CmJe,Mobile developer in Singapore. Into books and design.,https://picsum.photos/id/18/1200/400,Austin
skylerbrown33@yahoo.com,skylerbrown33,https://randomuser.me/api/portraits/women/85.jpg,$2b$12$Q1PUFjhN/AWRQ21LbGYvjeLpZZB6lfZ1BPwifHALGO6oIbyC3CmJe,Content creator in Toronto. Into running and cycling.,https://picsum.photos/id/42/1200/400,Los Angeles
rileymartin34@outlook.com,rileymartin34,https://randomuser.me/api/portraits/women/71.jpg,$2b$12$Q1PUFjhN/AWRQ21LbGYvjeLpZZB6lfZ1BPwifHALGO6oIbyC3CmJe,DevRel in Toronto. Into cycling and travel.,https://picsum.photos/id/72/1200/400,Berlin
harperjohnson35@proton.me,harperjohnson35,https://randomuser.me/api/portraits/women/46.jpg,$2b$12$Q1PUFjhN/AWRQ21LbGYvjeLpZZB6lfZ1BPwifHALGO6oIbyC3CmJe,Founder in Singapore. Into cycling and cooking.,https://picsum.photos/id/42/1200/400,London
emersonlee36@proton.me,emersonlee36,https://randomuser.me/api/portraits/women/26.jpg,$2b$12$Q1PUFjhN/AWRQ21LbGYvjeLpZZB6lfZ1BPwifHALGO6oIbyC3CmJe,Data analyst in Austin. Into AI and design.,https://picsum.photos/id/36/1200/400,Lisbon
averyanderson37@proton.me,averyanderson37,https://randomuser.me/api/portraits/women/57.jpg,$2b$12$Q1PUFjhN/AWRQ21LbGYvjeLpZZB6lfZ1BPwifHALGO6oIbyC3CmJe,Photographer in Toronto. Into travel and AI.,https://picsum.photos/id/24/1200/400,San Francisco
emersonwilson38@gmail.com,emersonwilson38,https://randomuser.me/api/portraits/women/72.jpg,$2b$12$Q1PUFjhN/AWRQ21LbGYvjeLpZZB6lfZ1BPwifHALGO6oIbyC3CmJe,Product designer in Los Angeles. Into books and running.,https://picsum.photos/id/79/1200/400,Chicago
finleykim39@outlook.com,finleykim39,https://randomuser.me/api/portraits/women/52.jpg,$2b$12$Q1PUFjhN/AWRQ21LbGYvjeLpZZB6lfZ1BPwifHALGO6oIbyC3CmJe,Marketing lead in Los Angeles. Into books and hiking.,https://picsum.photos/id/24/1200/400,Singapore
camerongarcia40@yahoo.com,camerongarcia40,https://randomuser.me/api/portraits/women/32.jpg,$2b$12$Q1PUFjhN/AWRQ21LbGYvjeLpZZB6lfZ1BPwifHALGO6oIbyC3CmJe,Mobile developer in Atlanta. Into movies and cooking.,https://picsum.photos/id/79/1200/400,Berlin
finleythomas41@proton.me,finleythomas41,https://randomuser.me/api/portraits/men/22.jpg,$2b$12$Q1PUFjhN/AWRQ21LbGYvjeLpZZB6lfZ1BPwifHALGO6oIbyC3CmJe,Founder in Sydney. Into gaming and music.,https://picsum.photos/id/24/1200/400,Toronto
jordanjackson42@gmail.com,jordanjackson42,https://randomuser.me/api/portraits/men/4.jpg,$2b$12$Q1PUFjhN/AWRQ21LbGYvjeLpZZB6lfZ1BPwifHALGO6oIbyC3CmJe,Data analyst in Atlanta. Into AI and cycling.,https://picsum.photos/id/106/1200/400,Mumbai
caseythomas43@outlook.com,caseythomas43,https://randomuser.me/api/portraits/women/32.jpg,$2b$12$Q1PUFjhN/AWRQ21LbGYvjeLpZZB6lfZ1BPwifHALGO6oIbyC3CmJe,Student in Austin. Into startups and travel.,https://picsum.photos/id/133/1200/400,Mumbai
averywilson44@proton.me,averywilson44,https://randomuser.me/api/portraits/women/8.jpg,$2b$12$Q1PUFjhN/AWRQ21LbGYvjeLpZZB6lfZ1BPwifHALGO6oIbyC3CmJe,Marketing lead in New York. Into music and hiking.,https://picsum.photos/id/110/1200/400,Chicago
quinnmartinez45@outlook.com,quinnmartinez45,https://randomuser.me/api/portraits/women/68.jpg,$2b$12$Q1PUFjhN/AWRQ21LbGYvjeLpZZB6lfZ1BPwifHALGO6oIbyC3CmJe,Marketing lead in London. Into AI and design.,https://picsum.photos/id/100/1200/400,London
quinnbrown46@proton.me,quinnbrown46,https://randomuser.me/api/portraits/women/13.jpg,$2b$12$Q1PUFjhN/AWRQ21LbGYvjeLpZZB6lfZ1BPwifHALGO6oIbyC3CmJe,ML engineer in Toronto. Into music and running.,https://picsum.photos/id/29/1200/400,Singapore
alexjohnson47@gmail.com,alexjohnson47,https://randomuser.me/api/portraits/men/22.jpg,$2b$12$Q1PUFjhN/AWRQ21LbGYvjeLpZZB6lfZ1BPwifHALGO6oIbyC3CmJe,Founder in Berlin. Into books and hiking.,https://picsum.photos/id/11/1200/400,London
cameronpatel48@outlook.com,cameronpatel48,https://randomuser.me/api/portraits/men/71.jpg,$2b$12$Q1PUFjhN/AWRQ21LbGYvjeLpZZB6lfZ1BPwifHALGO6oIbyC3CmJe,Product designer in Chicago. Into open source and music.,https://picsum.photos/id/82/1200/400,Los Angeles
kendallbrown49@proton.me,kendallbrown49,https://randomuser.me/api/portraits/women/29.jpg,$2b$12$Q1PUFjhN/AWRQ21LbGYvjeLpZZB6lfZ1BPwifHALGO6oIbyC3CmJe,Student in Los Angeles. Into cycling and startups.,https://picsum.photos/id/110/1200/400,London
caseysingh50@yahoo.com,caseysingh50,https://randomuser.me/api/portraits/women/40.jpg,$2b$12$Q1PUFjhN/AWRQ21LbGYvjeLpZZB6lfZ1BPwifHALGO6oIbyC3CmJe,Student in London. Into books and AI.,https://picsum.photos/id/64/1200/400,New York
jordanclark51@gmail.com,jordanclark51,https://randomuser.me/api/portraits/women/35.jpg,$2b$12$Q1PUFjhN/AWRQ21LbGYvjeLpZZB6lfZ1BPwifHALGO6oIbyC3CmJe,DevRel in New York. Into cooking and hiking.,https://picsum.photos/id/79/1200/400,Atlanta
morganhernandez52@gmail.com,morganhernandez52,https://randomuser.me/api/portraits/women/37.jpg,$2b$12$Q1PUFjhN/AWRQ21LbGYvjeLpZZB6lfZ1BPwifHALGO6oIbyC3CmJe,Founder in San Francisco. Into hiking and gaming.,https://picsum.photos/id/35/1200/400,London
cameronjohnson53@outlook.com,cameronjohnson53,https://randomuser.me/api/portraits/women/98.jpg,$2b$12$Q1PUFjhN/AWRQ21LbGYvjeLpZZB6lfZ1BPwifHALGO6oIbyC3CmJe,Teacher in Sydney. Into travel and design.,https://picsum.photos/id/57/1200/400,New York
skyleranderson54@proton.me,skyleranderson54,https://randomuser.me/api/portraits/men/3.jpg,$2b$12$Q1PUFjhN/AWRQ21LbGYvjeLpZZB6lfZ1BPwifHALGO6oIbyC3CmJe,Backend engineer in San Francisco. Into movies and books.,https://picsum.photos/id/92/1200/400,Berlin
jamielee55@gmail.com,jamielee55,https://randomuser.me/api/portraits/men/32.jpg,$2b$12$Q1PUFjhN/AWRQ21LbGYvjeLpZZB6lfZ1BPwifHALGO6oIbyC3CmJe,ML engineer in London. Into photography and coffee.,https://picsum.photos/id/43/1200/400,Toronto
drewlewis56@yahoo.com,drewlewis56,https://randomuser.me/api/portraits/women/32.jpg,$2b$12$Q1PUFjhN/AWRQ21LbGYvjeLpZZB6lfZ1BPwifHALGO6oIbyC3CmJe,Backend engineer in San Francisco. Into photography and cooking.,https://picsum.photos/id/133/1200/400,San Francisco
rileywright57@outlook.com,rileywright57,https://randomuser.me/api/portraits/women/37.jpg,$2b$12$Q1PUFjhN/AWRQ21LbGYvjeLpZZB6lfZ1BPwifHALGO6oIbyC3CmJe,Content creator in Seattle. Into open source and running.,https://picsum.photos/id/110/1200/400,Los Angeles
jordanlewis58@gmail.com,jordanlewis58,https://randomuser.me/api/portraits/men/17.jpg,$2b$12$Q1PUFjhN/AWRQ21LbGYvjeLpZZB6lfZ1BPwifHALGO6oIbyC3CmJe,Content creator in Chicago. Into music and movies.,https://picsum.photos/id/102/1200/400,Austin
morganjackson59@proton.me,morganjackson59,https://randomuser.me/api/portraits/women/91.jpg,$2b$12$Q1PUFjhN/AWRQ21LbGYvjeLpZZB6lfZ1BPwifHALGO6oIbyC3CmJe,DevRel in Denver. Into books and startups.,https://picsum.photos/id/72/1200/400,Singapore
cameronnguyen60@proton.me,cameronnguyen60,https://randomuser.me/api/portraits/women/24.jpg,$2b$12$Q1PUFjhN/AWRQ21LbGYvjeLpZZB6lfZ1BPwifHALGO6oIbyC3CmJe,Marketing lead in Mumbai. Into books and design.,https://picsum.photos/id/21/1200/400,Chicago
cameronanderson61@outlook.com,cameronanderson61,https://randomuser.me/api/portraits/men/9.jpg,$2b$12$Q1PUFjhN/AWRQ21LbGYvjeLpZZB6lfZ1BPwifHALGO6oIbyC3CmJe,DevRel in Chicago. Into coffee and travel.,https://picsum.photos/id/82/1200/400,Mumbai
alexhernandez62@proton.me,alexhernandez62,https://randomuser.me/api/portraits/women/36.jpg,$2b$12$Q1PUFjhN/AWRQ21LbGYvjeLpZZB6lfZ1BPwifHALGO6oIbyC3CmJe,Backend engineer in Mumbai. Into music and cycling.,https://picsum.photos/id/72/1200/400,Berlin
drewclark63@proton.me,drewclark63,https://randomuser.me/api/portraits/men/40.jpg,$2b$12$Q1PUFjhN/AWRQ21LbGYvjeLpZZB6lfZ1BPwifHALGO6oIbyC3CmJe,Product designer in London. Into coffee and running.,https://picsum.photos/id/36/1200/400,Toronto
skyleranderson64@gmail.com,skyleranderson64,https://randomuser.me/api/portraits/women/21.jpg,$2b$12$Q1PUFjhN/AWRQ21LbGYvjeLpZZB6lfZ1BPwifHALGO6oIbyC3CmJe,Marketing lead in San Francisco. Into music and books.,https://picsum.photos/id/106/1200/400,Denver
alexjohnson65@yahoo.com,alexjohnson65,https://randomuser.me/api/portraits/men/97.jpg,$2b$12$Q1PUFjhN/AWRQ21LbGYvjeLpZZB6lfZ1BPwifHALGO6oIbyC3CmJe,Product designer in London. Into design and movies.,https://picsum.photos/id/21/1200/400,Atlanta
finleysingh66@yahoo.com,finleysingh66,https://randomuser.me/api/portraits/men/49.jpg,$2b$12$Q1PUFjhN/AWRQ21LbGYvjeLpZZB6lfZ1BPwifHALGO6oIbyC3CmJe,Photographer in Lisbon. Into coffee and hiking.,https://picsum.photos/id/11/1200/400,Sydney
drewpatel67@proton.me,drewpatel67,https://randomuser.me/api/portraits/women/30.jpg,$2b$12$Q1PUFjhN/AWRQ21LbGYvjeLpZZB6lfZ1BPwifHALGO6oIbyC3CmJe,DevRel in Austin. Into travel and cooking.,https://picsum.photos/id/15/1200/400,Denver
reeseanderson68@proton.me,reeseanderson68,https://randomuser.me/api/portraits/men/76.jpg,$2b$12$Q1PUFjhN/AWRQ21LbGYvjeLpZZB6lfZ1BPwifHALGO6oIbyC3CmJe,DevRel in Mumbai. Into gaming and books.,https://picsum.photos/id/92/1200/400,Los Angeles
alexlopez69@gmail.com,alexlopez69,https://randomuser.me/api/portraits/women/13.jpg,$2b$12$Q1PUFjhN/AWRQ21LbGYvjeLpZZB6lfZ1BPwifHALGO6oIbyC3CmJe,Data analyst in Los Angeles. Into open source and movies.,https://picsum.photos/id/11/1200/400,Lisbon
rowankim70@gmail.com,rowankim70,https://randomuser.me/api/portraits/women/52.jpg,$2b$12$Q1PUFjhN/AWRQ21LbGYvjeLpZZB6lfZ1BPwifHALGO6oIbyC3CmJe,Teacher in Toronto. Into AI and music.,https://picsum.photos/id/92/1200/400,Sydney
alexlewis71@outlook.com,alexlewis71,https://randomuser.me/api/portraits/men/63.jpg,$2b$12$Q1PUFjhN/AWRQ21LbGYvjeLpZZB6lfZ1BPwifHALGO6oIbyC3CmJe,Data analyst in Berlin. Into cycling and photography.,https://picsum.photos/id/127/1200/400,Berlin
kendallkim72@proton.me,kendallkim72,https://randomuser.me/api/portraits/women/47.jpg,$2b$12$Q1PUFjhN/AWRQ21LbGYvjeLpZZB6lfZ1BPwifHALGO6oIbyC3CmJe,Teacher in Berlin. Into hiking and travel.,https://picsum.photos/id/29/1200/400,Berlin
skylerhernandez73@outlook.com,skylerhernandez73,https://randomuser.me/api/portraits/women/90.jpg,$2b$12$Q1PUFjhN/AWRQ21LbGYvjeLpZZB6lfZ1BPwifHALGO6oIbyC3CmJe,Product designer in Berlin. Into open source and books.,https://picsum.photos/id/64/1200/400,Mumbai
jordanlopez74@outlook.com,jordanlopez74,https://randomuser.me/api/portraits/women/45.jpg,$2b$12$Q1PUFjhN/AWRQ21LbGYvjeLpZZB6lfZ1BPwifHALGO6oIbyC3CmJe,Student in Singapore. Into design and running.,https://picsum.photos/id/79/1200/400,London
rileylee75@outlook.com,rileylee75,https://randomuser.me/api/portraits/men/29.jpg,$2b$12$Q1PUFjhN/AWRQ21LbGYvjeLpZZB6lfZ1BPwifHALGO6oIbyC3CmJe,Mobile developer in Singapore. Into cooking and running.,https://picsum.photos/id/34/1200/400,New York
quinnlee76@proton.me,quinnlee76,https://randomuser.me/api/portraits/men/5.jpg,$2b$12$Q1PUFjhN/AWRQ21LbGYvjeLpZZB6lfZ1BPwifHALGO6oIbyC3CmJe,Backend engineer in Sydney. Into open source and startups.,https://picsum.photos/id/18/1200/400,Chicago
reesemartin77@yahoo.com,reesemartin77,https://randomuser.me/api/portraits/women/78.jpg,$2b$12$Q1PUFjhN/AWRQ21LbGYvjeLpZZB6lfZ1BPwifHALGO6oIbyC3CmJe,Backend engineer in Atlanta. Into open source and hiking.,https://picsum.photos/id/79/1200/400,New York
sagesingh78@outlook.com,sagesingh78,https://randomuser.me/api/portraits/women/61.jpg,$2b$12$Q1PUFjhN/AWRQ21LbGYvjeLpZZB6lfZ1BPwifHALGO6oIbyC3CmJe,Marketing lead in Atlanta. Into books and AI.,https://picsum.photos/id/57/1200/400,Lisbon
drewclark79@outlook.com,drewclark79,https://randomuser.me/api/portraits/men/14.jpg,$2b$12$Q1PUFjhN/AWRQ21LbGYvjeLpZZB6lfZ1BPwifHALGO6oIbyC3CmJe,Backend engineer in Denver. Into movies and coffee.,https://picsum.photos/id/82/1200/400,Seattle
quinnthomas80@outlook.com,quinnthomas80,https://randomuser.me/api/portraits/women/75.jpg,$2b$12$Q1PUFjhN/AWRQ21LbGYvjeLpZZB6lfZ1BPwifHALGO6oIbyC3CmJe,Photographer in New York. Into books and gaming.,https://picsum.photos/id/15/1200/400,San Francisco
alexthomas81@gmail.com,alexthomas81,https://randomuser.me/api/portraits/men/25.jpg,$2b$12$Q1PUFjhN/AWRQ21LbGYvjeLpZZB6lfZ1BPwifHALGO6oIbyC3CmJe,ML engineer in Berlin. Into design and running.,https://picsum.photos/id/79/1200/400,Berlin
rileylopez82@proton.me,rileylopez82,https://randomuser.me/api/portraits/women/59.jpg,$2b$12$Q1PUFjhN/AWRQ21LbGYvjeLpZZB6lfZ1BPwifHALGO6oIbyC3CmJe,Teacher in Sydney. Into design and hiking.,https://picsum.photos/id/100/1200/400,Berlin
alexgarcia83@yahoo.com,alexgarcia83,https://randomuser.me/api/portraits/men/95.jpg,$2b$12$Q1PUFjhN/AWRQ21LbGYvjeLpZZB6lfZ1BPwifHALGO6oIbyC3CmJe,Product designer in New York. Into startups and running.,https://picsum.photos/id/35/1200/400,Lisbon
harperjackson84@proton.me,harperjackson84,https://randomuser.me/api/portraits/men/98.jpg,$2b$12$Q1PUFjhN/AWRQ21LbGYvjeLpZZB6lfZ1BPwifHALGO6oIbyC3CmJe,ML engineer in Chicago. Into AI and gaming.,https://picsum.photos/id/21/1200/400,Los Angeles
alexjohnson85@outlook.com,alexjohnson85,https://randomuser.me/api/portraits/women/36.jpg,$2b$12$Q1PUFjhN/AWRQ21LbGYvjeLpZZB6lfZ1BPwifHALGO6oIbyC3CmJe,Photographer in Lisbon. Into running and cycling.,https://picsum.photos/id/79/1200/400,Mumbai
jamiegarcia86@outlook.com,jamiegarcia86,https://randomuser.me/api/portraits/women/84.jpg,$2b$12$Q1PUFjhN/AWRQ21LbGYvjeLpZZB6lfZ1BPwifHALGO6oIbyC3CmJe,Backend engineer in Mumbai. Into gaming and music.,https://picsum.photos/id/92/1200/400,San Francisco
parkerjackson87@proton.me,parkerjackson87,https://randomuser.me/api/portraits/men/41.jpg,$2b$12$Q1PUFjhN/AWRQ21LbGYvjeLpZZB6lfZ1BPwifHALGO6oIbyC3CmJe,Mobile developer in Chicago. Into design and AI.,https://picsum.photos/id/64/1200/400,Berlin
reesemartin88@gmail.com,reesemartin88,https://randomuser.me/api/portraits/men/26.jpg,$2b$12$Q1PUFjhN/AWRQ21LbGYvjeLpZZB6lfZ1BPwifHALGO6oIbyC3CmJe,Product designer in Berlin. Into design and running.,https://picsum.photos/id/35/1200/400,Singapore
caseykim89@gmail.com,caseykim89,https://randomuser.me/api/portraits/men/42.jpg,$2b$12$Q1PUFjhN/AWRQ21LbGYvjeLpZZB6lfZ1BPwifHALGO6oIbyC3CmJe,Student in Los Angeles. Into open source and travel.,https://picsum.photos/id/64/1200/400,New York
quinnthomas90@yahoo.com,quinnthomas90,https://randomuser.me/api/portraits/women/99.jpg,$2b$12$Q1PUFjhN/AWRQ21LbGYvjeLpZZB6lfZ1BPwifHALGO6oIbyC3CmJe,ML engineer in Seattle. Into running and hiking.,https://picsum.photos/id/92/1200/400,Seattle
quinnanderson91@proton.me,quinnanderson91,https://randomuser.me/api/portraits/men/37.jpg,$2b$12$Q1PUFjhN/AWRQ21LbGYvjeLpZZB6lfZ1BPwifHALGO6oIbyC3CmJe,Photographer in Singapore. Into design and startups.,https://picsum.photos/id/10/1200/400,Sydney
emersonmartinez92@yahoo.com,emersonmartinez92,https://randomuser.me/api/portraits/men/93.jpg,$2b$12$Q1PUFjhN/AWRQ21LbGYvjeLpZZB6lfZ1BPwifHALGO6oIbyC3CmJe,Data analyst in Toronto. Into gaming and startups.,https://picsum.photos/id/87/1200/400,Singapore
taylorwright93@yahoo.com,taylorwright93,https://randomuser.me/api/portraits/men/97.jpg,$2b$12$Q1PUFjhN/AWRQ21LbGYvjeLpZZB6lfZ1BPwifHALGO6oIbyC3CmJe,DevRel in Austin. Into photography and design.,https://picsum.photos/id/50/1200/400,Berlin
skylersingh94@yahoo.com,skylersingh94,https://randomuser.me/api/portraits/women/96.jpg,$2b$12$Q1PUFjhN/AWRQ21LbGYvjeLpZZB6lfZ1BPwifHALGO6oIbyC3CmJe,Data analyst in Berlin. Into cooking and running.,https://picsum.photos/id/24/1200/400,Lisbon
averylee95@proton.me,averylee95,https://randomuser.me/api/portraits/women/96.jpg,$2b$12$Q1PUFjhN/AWRQ21LbGYvjeLpZZB6lfZ1BPwifHALGO6oIbyC3CmJe,Student in San Francisco. Into photography and running.,https://picsum.photos/id/92/1200/400,Austin
morganjackson96@gmail.com,morganjackson96,https://randomuser.me/api/portraits/women/76.jpg,$2b$12$Q1PUFjhN/AWRQ21LbGYvjeLpZZB6lfZ1BPwifHALGO6oIbyC3CmJe,Mobile developer in Sydney. Into music and open source.,https://picsum.photos/id/24/1200/400,Mumbai
rileydavis97@yahoo.com,rileydavis97,https://randomuser.me/api/portraits/women/31.jpg,$2b$12$Q1PUFjhN/AWRQ21LbGYvjeLpZZB6lfZ1BPwifHALGO6oIbyC3CmJe,ML engineer in Lisbon. Into photography and running.,https://picsum.photos/id/36/1200/400,Los Angeles
finleyjackson98@outlook.com,finleyjackson98,https://randomuser.me/api/portraits/women/66.jpg,$2b$12$Q1PUFjhN/AWRQ21LbGYvjeLpZZB6lfZ1BPwifHALGO6oIbyC3CmJe,ML engineer in New York. Into music and design.,https://picsum.photos/id/127/1200/400,Los Angeles
skylerlopez99@yahoo.com,skylerlopez99,https://randomuser.me/api/portraits/women/3.jpg,$2b$12$Q1PUFjhN/AWRQ21LbGYvjeLpZZB6lfZ1BPwifHALGO6oIbyC3CmJe,Mobile developer in Mumbai. Into design and music.,https://picsum.photos/id/64/1200/400,Mumbai
jordanbrown100@gmail.com,jordanbrown100,https://randomuser.me/api/portraits/women/96.jpg,$2b$12$Q1PUFjhN/AWRQ21LbGYvjeLpZZB6lfZ1BPwifHALGO6oIbyC3CmJe,Backend engineer in Lisbon. Into open source and books.,https://picsum.photos/id/43/1200/400,Toronto
cameronnguyen101@gmail.com,cameronnguyen101,https://randomuser.me/api/portraits/men/76.jpg,$2b$12$Q1PUFjhN/AWRQ21LbGYvjeLpZZB6lfZ1BPwifHALGO6oIbyC3CmJe,Content creator in Mumbai. Into open source and movies.,https://picsum.photos/id/11/1200/400,New York
sageclark102@outlook.com,sageclark102,https://randomuser.me/api/portraits/men/42.jpg,$2b$12$Q1PUFjhN/AWRQ21LbGYvjeLpZZB6lfZ1BPwifHALGO6oIbyC3CmJe,Student in San Francisco. Into cycling and startups.,https://picsum.photos/id/36/1200/400,Chicago
quinnclark103@gmail.com,quinnclark103,https://randomuser.me/api/portraits/women/52.jpg,$2b$12$Q1PUFjhN/AWRQ21LbGYvjeLpZZB6lfZ1BPwifHALGO6oIbyC3CmJe,Founder in Atlanta. Into cycling and startups.,https://picsum.photos/id/102/1200/400,Mumbai
rowangarcia104@outlook.com,rowangarcia104,https://randomuser.me/api/portraits/women/69.jpg,$2b$12$Q1PUFjhN/AWRQ21LbGYvjeLpZZB6lfZ1BPwifHALGO6oIbyC3CmJe,Teacher in Sydney. Into cooking and gaming.,https://picsum.photos/id/102/1200/400,Seattle
finleylewis105@proton.me,finleylewis105,https://randomuser.me/api/portraits/men/26.jpg,$2b$12$Q1PUFjhN/AWRQ21LbGYvjeLpZZB6lfZ1BPwifHALGO6oIbyC3CmJe,Product designer in Austin. Into open source and running.,https://picsum.photos/id/18/1200/400,Chicago
finleypatel106@proton.me,finleypatel106,https://randomuser.me/api/portraits/men/73.jpg,$2b$12$Q1PUFjhN/AWRQ21LbGYvjeLpZZB6lfZ1BPwifHALGO6oIbyC3CmJe,DevRel in Seattle. Into hiking and photography.,https://picsum.photos/id/29/1200/400,New York
morgansingh107@proton.me,morgansingh107,https://randomuser.me/api/portraits/women/31.jpg,$2b$12$Q1PUFjhN/AWRQ21LbGYvjeLpZZB6lfZ1BPwifHALGO6oIbyC3CmJe,Backend engineer in Berlin. Into travel and design.,https://picsum.photos/id/28/1200/400,New York
caseylopez108@outlook.com,caseylopez108,https://randomuser.me/api/portraits/women/78.jpg,$2b$12$Q1PUFjhN/AWRQ21LbGYvjeLpZZB6lfZ1BPwifHALGO6oIbyC3CmJe,Teacher in Sydney. Into books and startups.,https://picsum.photos/id/28/1200/400,Los Angeles
finleymartin109@yahoo.com,finleymartin109,https://randomuser.me/api/portraits/men/42.jpg,$2b$12$Q1PUFjhN/AWRQ21LbGYvjeLpZZB6lfZ1BPwifHALGO6oIbyC3CmJe,Content creator in Chicago. Into movies and hiking.,https://picsum.photos/id/16/1200/400,Toronto
alexlee110@proton.me,alexlee110,https://randomuser.me/api/portraits/women/20.jpg,$2b$12$Q1PUFjhN/AWRQ21LbGYvjeLpZZB6lfZ1BPwifHALGO6oIbyC3CmJe,Photographer in Toronto. Into cycling and books.,https://picsum.photos/id/79/1200/400,Atlanta
caseysingh111@yahoo.com,caseysingh111,https://randomuser.me/api/portraits/women/67.jpg,$2b$12$Q1PUFjhN/AWRQ21LbGYvjeLpZZB6lfZ1BPwifHALGO6oIbyC3CmJe,Marketing lead in Los Angeles. Into design and books.,https://picsum.photos/id/133/1200/400,New York
rowanwilson112@outlook.com,rowanwilson112,https://randomuser.me/api/portraits/women/81.jpg,$2b$12$Q1PUFjhN/AWRQ21LbGYvjeLpZZB6lfZ1BPwifHALGO6oIbyC3CmJe,Teacher in Berlin. Into gaming and music.,https://picsum.photos/id/102/1200/400,Singapore
quinnlewis113@gmail.com,quinnlewis113,https://randomuser.me/api/portraits/men/71.jpg,$2b$12$Q1PUFjhN/AWRQ21LbGYvjeLpZZB6lfZ1BPwifHALGO6oIbyC3CmJe,Teacher in Sydney. Into design and gaming.,https://picsum.photos/id/64/1200/400,Los Angeles
jamielewis114@gmail.com,jamielewis114,https://randomuser.me/api/portraits/men/54.jpg,$2b$12$Q1PUFjhN/AWRQ21LbGYvjeLpZZB6lfZ1BPwifHALGO6oIbyC3CmJe,Marketing lead in Austin. Into open source and photography.,https://picsum.photos/id/29/1200/400,Los Angeles
rowansingh115@proton.me,rowansingh115,https://randomuser.me/api/portraits/women/87.jpg,$2b$12$Q1PUFjhN/AWRQ21LbGYvjeLpZZB6lfZ1BPwifHALGO6oIbyC3CmJe,DevRel in Atlanta. Into AI and books.,https://picsum.photos/id/35/1200/400,Sydney
rileythomas116@outlook.com,rileythomas116,https://randomuser.me/api/portraits/men/95.jpg,$2b$12$Q1PUFjhN/AWRQ21LbGYvjeLpZZB6lfZ1BPwifHALGO6oIbyC3CmJe,Student in New York. Into travel and gaming.,https://picsum.photos/id/10/1200/400,San Francisco
parkerlopez117@yahoo.com,parkerlopez117,https://randomuser.me/api/portraits/men/29.jpg,$2b$12$Q1PUFjhN/AWRQ21LbGYvjeLpZZB6lfZ1BPwifHALGO6oIbyC3CmJe,Marketing lead in San Francisco. Into music and running.,https://picsum.photos/id/57/1200/400,Berlin
finleyjackson118@gmail.com,finleyjackson118,https://randomuser.me/api/portraits/men/42.jpg,$2b$12$Q1PUFjhN/AWRQ21LbGYvjeLpZZB6lfZ1BPwifHALGO6oIbyC3CmJe,Photographer in Seattle. Into coffee and music.,https://picsum.photos/id/43/1200/400,New York
sagelewis119@gmail.com,sagelewis119,https://randomuser.me/api/portraits/men/86.jpg,$2b$12$Q1PUFjhN/AWRQ21LbGYvjeLpZZB6lfZ1BPwifHALGO6oIbyC3CmJe,Teacher in Atlanta. Into movies and startups.,https://picsum.photos/id/82/1200/400,Toronto
rowangarcia120@gmail.com,rowangarcia120,https://randomuser.me/api/portraits/men/91.jpg,$2b$12$Q1PUFjhN/AWRQ21LbGYvjeLpZZB6lfZ1BPwifHALGO6oIbyC3CmJe,Data analyst in Austin. Into cooking and books.,https://picsum.photos/id/10/1200/400,Mumbai
taylormartinez121@proton.me,taylormartinez121,https://randomuser.me/api/portraits/women/56.jpg,$2b$12$Q1PUFjhN/AWRQ21LbGYvjeLpZZB6lfZ1BPwifHALGO6oIbyC3CmJe,Mobile developer in Denver. Into coffee and gaming.,https://picsum.photos/id/29/1200/400,London
emersonmartin122@gmail.com,emersonmartin122,https://randomuser.me/api/portraits/women/34.jpg,$2b$12$Q1PUFjhN/AWRQ21LbGYvjeLpZZB6lfZ1BPwifHALGO6oIbyC3CmJe,Marketing lead in Seattle. Into music and cycling.,https://picsum.photos/id/64/1200/400,Lisbon
quinndavis123@outlook.com,quinndavis123,https://randomuser.me/api/portraits/men/34.jpg,$2b$12$Q1PUFjhN/AWRQ21LbGYvjeLpZZB6lfZ1BPwifHALGO6oIbyC3CmJe,Marketing lead in Lisbon. Into cooking and design.,https://picsum.photos/id/36/1200/400,Berlin
harperwright124@gmail.com,harperwright124,https://randomuser.me/api/portraits/women/78.jpg,$2b$12$Q1PUFjhN/AWRQ21LbGYvjeLpZZB6lfZ1BPwifHALGO6oIbyC3CmJe,Marketing lead in Singapore. Into hiking and coffee.,https://picsum.photos/id/18/1200/400,Sydney
rileymartin125@gmail.com,rileymartin125,https://randomuser.me/api/portraits/men/52.jpg,$2b$12$Q1PUFjhN/AWRQ21LbGYvjeLpZZB6lfZ1BPwifHALGO6oIbyC3CmJe,Content creator in Mumbai. Into music and coffee.,https://picsum.photos/id/11/1200/400,Mumbai
parkermartin126@proton.me,parkermartin126,https://randomuser.me/api/portraits/women/66.jpg,$2b$12$Q1PUFjhN/AWRQ21LbGYvjeLpZZB6lfZ1BPwifHALGO6oIbyC3CmJe,Photographer in San Francisco. Into startups and gaming.,https://picsum.photos/id/21/1200/400,Lisbon
sagenguyen127@gmail.com,sagenguyen127,https://randomuser.me/api/portraits/women/44.jpg,$2b$12$Q1PUFjhN/AWRQ21LbGYvjeLpZZB6lfZ1BPwifHALGO6oIbyC3CmJe,Content creator in New York. Into music and design.,https://picsum.photos/id/34/1200/400,Los Angeles
morganmartin128@outlook.com,morganmartin128,https://randomuser.me/api/portraits/men/88.jpg,$2b$12$Q1PUFjhN/AWRQ21LbGYvjeLpZZB6lfZ1BPwifHALGO6oIbyC3CmJe,Data analyst in Lisbon. Into coffee and cycling.,https://picsum.photos/id/110/1200/400,Seattle
quinnthomas129@proton.me,quinnthomas129,https://randomuser.me/api/portraits/men/5.jpg,$2b$12$Q1PUFjhN/AWRQ21LbGYvjeLpZZB6lfZ1BPwifHALGO6oIbyC3CmJe,Founder in Los Angeles. Into open source and cycling.,https://picsum.photos/id/50/1200/400,Sydney
emersonclark130@yahoo.com,emersonclark130,https://randomuser.me/api/portraits/men/99.jpg,$2b$12$Q1PUFjhN/AWRQ21LbGYvjeLpZZB6lfZ1BPwifHALGO6oIbyC3CmJe,Data analyst in Atlanta. Into travel and open source.,https://picsum.photos/id/15/1200/400,London
jamielee131@yahoo.com,jamielee131,https://randomuser.me/api/portraits/men/39.jpg,$2b$12$Q1PUFjhN/AWRQ21LbGYvjeLpZZB6lfZ1BPwifHALGO6oIbyC3CmJe,Teacher in Sydney. Into hiking and open source.,https://picsum.photos/id/43/1200/400,Los Angeles
drewkim132@outlook.com,drewkim132,https://randomuser.me/api/portraits/men/11.jpg,$2b$12$Q1PUFjhN/AWRQ21LbGYvjeLpZZB6lfZ1BPwifHALGO6oIbyC3CmJe,Photographer in New York. Into cooking and photography.,https://picsum.photos/id/15/1200/400,New York
emersonlopez133@outlook.com,emersonlopez133,https://randomuser.me/api/portraits/men/63.jpg,$2b$12$Q1PUFjhN/AWRQ21LbGYvjeLpZZB6lfZ1BPwifHALGO6oIbyC3CmJe,Content creator in Chicago. Into open source and design.,https://picsum.photos/id/35/1200/400,Lisbon
rileyjohnson134@yahoo.com,rileyjohnson134,https://randomuser.me/api/portraits/women/74.jpg,$2b$12$Q1PUFjhN/AWRQ21LbGYvjeLpZZB6lfZ1BPwifHALGO6oIbyC3CmJe,Content creator in Denver. Into hiking and gaming.,https://picsum.photos/id/127/1200/400,Lisbon
finleyhernandez135@proton.me,finleyhernandez135,https://randomuser.me/api/portraits/women/50.jpg,$2b$12$Q1PUFjhN/AWRQ21LbGYvjeLpZZB6lfZ1BPwifHALGO6oIbyC3CmJe,Data analyst in Denver. Into startups and books.,https://picsum.photos/id/18/1200/400,Toronto
jordananderson136@yahoo.com,jordananderson136,https://randomuser.me/api/portraits/women/56.jpg,$2b$12$Q1PUFjhN/AWRQ21LbGYvjeLpZZB6lfZ1BPwifHALGO6oIbyC3CmJe,DevRel in Sydney. Into hiking and books.,https://picsum.photos/id/10/1200/400,Denver
rowanjackson137@proton.me,rowanjackson137,https://randomuser.me/api/portraits/men/92.jpg,$2b$12$Q1PUFjhN/AWRQ21LbGYvjeLpZZB6lfZ1BPwifHALGO6oIbyC3CmJe,Backend engineer in Toronto. Into running and photography.,https://picsum.photos/id/28/1200/400,London
morganmartin138@gmail.com,morganmartin138,https://randomuser.me/api/portraits/women/98.jpg,$2b$12$Q1PUFjhN/AWRQ21LbGYvjeLpZZB6lfZ1BPwifHALGO6oIbyC3CmJe,ML engineer in Mumbai. Into photography and coffee.,https://picsum.photos/id/50/1200/400,San Francisco
jordanthomas139@gmail.com,jordanthomas139,https://randomuser.me/api/portraits/women/50.jpg,$2b$12$Q1PUFjhN/AWRQ21LbGYvjeLpZZB6lfZ1BPwifHALGO6oIbyC3CmJe,ML engineer in San Francisco. Into music and startups.,https://picsum.photos/id/42/1200/400,Mumbai
drewmartin140@yahoo.com,drewmartin140,https://randomuser.me/api/portraits/men/74.jpg,$2b$12$Q1PUFjhN/AWRQ21LbGYvjeLpZZB6lfZ1BPwifHALGO6oIbyC3CmJe,DevRel in Sydney. Into music and photography.,https://picsum.photos/id/102/1200/400,Mumbai
alexwilson141@yahoo.com,alexwilson141,https://randomuser.me/api/portraits/men/64.jpg,$2b$12$Q1PUFjhN/AWRQ21LbGYvjeLpZZB6lfZ1BPwifHALGO6oIbyC3CmJe,Product designer in Mumbai. Into travel and hiking.,https://picsum.photos/id/64/1200/400,Seattle
caseyclark142@proton.me,caseyclark142,https://randomuser.me/api/portraits/women/19.jpg,$2b$12$Q1PUFjhN/AWRQ21LbGYvjeLpZZB6lfZ1BPwifHALGO6oIbyC3CmJe,Content creator in Atlanta. Into photography and AI.,https://picsum.photos/id/110/1200/400,Chicago
alexlopez143@gmail.com,alexlopez143,https://randomuser.me/api/portraits/women/49.jpg,$2b$12$Q1PUFjhN/AWRQ21LbGYvjeLpZZB6lfZ1BPwifHALGO6oIbyC3CmJe,Backend engineer in Los Angeles. Into photography and cycling.,https://picsum.photos/id/28/1200/400,Singapore
quinngarcia144@proton.me,quinngarcia144,https://randomuser.me/api/portraits/women/40.jpg,$2b$12$Q1PUFjhN/AWRQ21LbGYvjeLpZZB6lfZ1BPwifHALGO6oIbyC3CmJe,Student in Denver. Into travel and running.,https://picsum.photos/id/24/1200/400,Los Angeles
taylorjohnson145@gmail.com,taylorjohnson145,https://randomuser.me/api/portraits/women/97.jpg,$2b$12$Q1PUFjhN/AWRQ21LbGYvjeLpZZB6lfZ1BPwifHALGO6oIbyC3CmJe,Product designer in London. Into gaming and hiking.,https://picsum.photos/id/11/1200/400,Chicago
rowanclark146@gmail.com,rowanclark146,https://randomuser.me/api/portraits/men/85.jpg,$2b$12$Q1PUFjhN/AWRQ21LbGYvjeLpZZB6lfZ1BPwifHALGO6oIbyC3CmJe,Data analyst in Atlanta. Into gaming and cycling.,https://picsum.photos/id/87/1200/400,Seattle
cameronlopez147@yahoo.com,cameronlopez147,https://randomuser.me/api/portraits/men/70.jpg,$2b$12$Q1PUFjhN/AWRQ21LbGYvjeLpZZB6lfZ1BPwifHALGO6oIbyC3CmJe,Founder in Berlin. Into books and cycling.,https://picsum.photos/id/42/1200/400,Chicago
averyclark148@gmail.com,averyclark148,https://randomuser.me/api/portraits/women/51.jpg,$2b$12$Q1PUFjhN/AWRQ21LbGYvjeLpZZB6lfZ1BPwifHALGO6oIbyC3CmJe,Teacher in London. Into running and movies.,https://picsum.photos/id/50/1200/400,Denver
rileyjackson149@outlook.com,rileyjackson149,https://randomuser.me/api/portraits/men/91.jpg,$2b$12$Q1PUFjhN/AWRQ21LbGYvjeLpZZB6lfZ1BPwifHALGO6oIbyC3CmJe,Teacher in Atlanta. Into photography and gaming.,https://picsum.photos/id/87/1200/400,New York
parkerclark150@proton.me,parkerclark150,https://randomuser.me/api/portraits/women/64.jpg,$2b$12$Q1PUFjhN/AWRQ21LbGYvjeLpZZB6lfZ1BPwifHALGO6oIbyC3CmJe,ML engineer in Toronto. Into books and startups.,https://picsum.photos/id/50/1200/400,Toronto
emersonclark151@gmail.com,emersonclark151,https://randomuser.me/api/portraits/men/73.jpg,$2b$12$Q1PUFjhN/AWRQ21LbGYvjeLpZZB6lfZ1BPwifHALGO6oIbyC3CmJe,Mobile developer in Denver. Into startups and cooking.,https://picsum.photos/id/28/1200/400,London
averynguyen152@proton.me,averynguyen152,https://randomuser.me/api/portraits/men/94.jpg,$2b$12$Q1PUFjhN/AWRQ21LbGYvjeLpZZB6lfZ1BPwifHALGO6oIbyC3CmJe,Backend engineer in Berlin. Into cooking and books.,https://picsum.photos/id/10/1200/400,Sydney
jordanlewis153@outlook.com,jordanlewis153,https://randomuser.me/api/portraits/women/71.jpg,$2b$12$Q1PUFjhN/AWRQ21LbGYvjeLpZZB6lfZ1BPwifHALGO6oIbyC3CmJe,Marketing lead in London. Into startups and design.,https://picsum.photos/id/34/1200/400,Berlin
drewbrown154@yahoo.com,drewbrown154,https://randomuser.me/api/portraits/women/71.jpg,$2b$12$Q1PUFjhN/AWRQ21LbGYvjeLpZZB6lfZ1BPwifHALGO6oIbyC3CmJe,Data analyst in San Francisco. Into travel and AI.,https://picsum.photos/id/28/1200/400,Singapore
morganbrown155@proton.me,morganbrown155,https://randomuser.me/api/portraits/women/98.jpg,$2b$12$Q1PUFjhN/AWRQ21LbGYvjeLpZZB6lfZ1BPwifHALGO6oIbyC3CmJe,Student in Sydney. Into cooking and cycling.,https://picsum.photos/id/34/1200/400,New York
harperdavis156@outlook.com,harperdavis156,https://randomuser.me/api/portraits/men/75.jpg,$2b$12$Q1PUFjhN/AWRQ21LbGYvjeLpZZB6lfZ1BPwifHALGO6oIbyC3CmJe,ML engineer in Lisbon. Into photography and movies.,https://picsum.photos/id/36/1200/400,Seattle
parkeranderson157@proton.me,parkeranderson157,https://randomuser.me/api/portraits/men/65.jpg,$2b$12$Q1PUFjhN/AWRQ21LbGYvjeLpZZB6lfZ1BPwifHALGO6oIbyC3CmJe,Founder in Atlanta. Into coffee and travel.,https://picsum.photos/id/87/1200/400,Singapore
skylermartin158@yahoo.com,skylermartin158,https://randomuser.me/api/portraits/men/25.jpg,$2b$12$Q1PUFjhN/AWRQ21LbGYvjeLpZZB6lfZ1BPwifHALGO6oIbyC3CmJe,Backend engineer in Berlin. Into AI and running.,https://picsum.photos/id/15/1200/400,Mumbai
rowanthomas159@proton.me,rowanthomas159,https://randomuser.me/api/portraits/men/77.jpg,$2b$12$Q1PUFjhN/AWRQ21LbGYvjeLpZZB6lfZ1BPwifHALGO6oIbyC3CmJe,Student in Atlanta. Into hiking and running.,https://picsum.photos/id/35/1200/400,San Francisco
sagejackson160@yahoo.com,sagejackson160,https://randomuser.me/api/portraits/men/54.jpg,$2b$12$Q1PUFjhN/AWRQ21LbGYvjeLpZZB6lfZ1BPwifHALGO6oIbyC3CmJe,ML engineer in Berlin. Into open source and AI.,https://picsum.photos/id/72/1200/400,London
morganhernandez161@proton.me,morganhernandez161,https://randomuser.me/api/portraits/women/72.jpg,$2b$12$Q1PUFjhN/AWRQ21LbGYvjeLpZZB6lfZ1BPwifHALGO6oIbyC3CmJe,DevRel in Atlanta. Into coffee and open source.,https://picsum.photos/id/106/1200/400,Atlanta
rowangarcia162@gmail.com,rowangarcia162,https://randomuser.me/api/portraits/women/90.jpg,$2b$12$Q1PUFjhN/AWRQ21LbGYvjeLpZZB6lfZ1BPwifHALGO6oIbyC3CmJe,Photographer in Seattle. Into AI and running.,https://picsum.photos/id/102/1200/400,Lisbon
cameronmartinez163@gmail.com,cameronmartinez163,https://randomuser.me/api/portraits/men/81.jpg,$2b$12$Q1PUFjhN/AWRQ21LbGYvjeLpZZB6lfZ1BPwifHALGO6oIbyC3CmJe,Founder in Sydney. Into music and running.,https://picsum.photos/id/100/1200/400,San Francisco
morgankim164@gmail.com,morgankim164,https://randomuser.me/api/portraits/men/71.jpg,$2b$12$Q1PUFjhN/AWRQ21LbGYvjeLpZZB6lfZ1BPwifHALGO6oIbyC3CmJe,Backend engineer in San Francisco. Into travel and photography.,https://picsum.photos/id/24/1200/400,Atlanta
emersonjackson165@gmail.com,emersonjackson165,https://randomuser.me/api/portraits/women/58.jpg,$2b$12$Q1PUFjhN/AWRQ21LbGYvjeLpZZB6lfZ1BPwifHALGO6oIbyC3CmJe,Mobile developer in San Francisco. Into movies and gaming.,https://picsum.photos/id/102/1200/400,Denver
harperwright166@gmail.com,harperwright166,https://randomuser.me/api/portraits/men/8.jpg,$2b$12$Q1PUFjhN/AWRQ21LbGYvjeLpZZB6lfZ1BPwifHALGO6oIbyC3CmJe,DevRel in Toronto. Into music and AI.,https://picsum.photos/id/21/1200/400,San Francisco
jamielewis167@yahoo.com,jamielewis167,https://randomuser.me/api/portraits/women/83.jpg,$2b$12$Q1PUFjhN/AWRQ21LbGYvjeLpZZB6lfZ1BPwifHALGO6oIbyC3CmJe,Teacher in Toronto. Into gaming and cooking.,https://picsum.photos/id/43/1200/400,Atlanta
skylerwilson168@yahoo.com,skylerwilson168,https://randomuser.me/api/portraits/women/84.jpg,$2b$12$Q1PUFjhN/AWRQ21LbGYvjeLpZZB6lfZ1BPwifHALGO6oIbyC3CmJe,Mobile developer in Seattle. Into startups and gaming.,https://picsum.photos/id/106/1200/400,Singapore
rileyjackson169@gmail.com,rileyjackson169,https://randomuser.me/api/portraits/men/96.jpg,$2b$12$Q1PUFjhN/AWRQ21LbGYvjeLpZZB6lfZ1BPwifHALGO6oIbyC3CmJe,DevRel in Seattle. Into AI and movies.,https://picsum.photos/id/10/1200/400,Lisbon
quinnthomas170@proton.me,quinnthomas170,https://randomuser.me/api/portraits/men/12.jpg,$2b$12$Q1PUFjhN/AWRQ21LbGYvjeLpZZB6lfZ1BPwifHALGO6oIbyC3CmJe,Founder in Mumbai. Into movies and design.,https://picsum.photos/id/28/1200/400,Atlanta
skylerjackson171@yahoo.com,skylerjackson171,https://randomuser.me/api/portraits/men/33.jpg,$2b$12$Q1PUFjhN/AWRQ21LbGYvjeLpZZB6lfZ1BPwifHALGO6oIbyC3CmJe,Photographer in Atlanta. Into running and books.,https://picsum.photos/id/15/1200/400,London
jamiedavis172@proton.me,jamiedavis172,https://randomuser.me/api/portraits/women/54.jpg,$2b$12$Q1PUFjhN/AWRQ21LbGYvjeLpZZB6lfZ1BPwifHALGO6oIbyC3CmJe,Mobile developer in San Francisco. Into startups and hiking.,https://picsum.photos/id/18/1200/400,Sydney
quinnwilson173@yahoo.com,quinnwilson173,https://randomuser.me/api/portraits/men/98.jpg,$2b$12$Q1PUFjhN/AWRQ21LbGYvjeLpZZB6lfZ1BPwifHALGO6oIbyC3CmJe,Mobile developer in Chicago. Into cooking and design.,https://picsum.photos/id/42/1200/400,Austin
cameronanderson174@proton.me,cameronanderson174,https://randomuser.me/api/portraits/women/1.jpg,$2b$12$Q1PUFjhN/AWRQ21LbGYvjeLpZZB6lfZ1BPwifHALGO6oIbyC3CmJe,ML engineer in Atlanta. Into coffee and travel.,https://picsum.photos/id/18/1200/400,Sydney
averyjohnson175@proton.me,averyjohnson175,https://randomuser.me/api/portraits/men/95.jpg,$2b$12$Q1PUFjhN/AWRQ21LbGYvjeLpZZB6lfZ1BPwifHALGO6oIbyC3CmJe,Backend engineer in Berlin. Into gaming and music.,https://picsum.photos/id/110/1200/400,Sydney
alexgarcia176@yahoo.com,alexgarcia176,https://randomuser.me/api/portraits/men/6.jpg,$2b$12$Q1PUFjhN/AWRQ21LbGYvjeLpZZB6lfZ1BPwifHALGO6oIbyC3CmJe,Product designer in Singapore. Into cooking and cycling.,https://picsum.photos/id/15/1200/400,Mumbai
sagenguyen177@proton.me,sagenguyen177,https://randomuser.me/api/portraits/women/81.jpg,$2b$12$Q1PUFjhN/AWRQ21LbGYvjeLpZZB6lfZ1BPwifHALGO6oIbyC3CmJe,DevRel in Berlin. Into hiking and travel.,https://picsum.photos/id/34/1200/400,Mumbai
skylerwilson178@gmail.com,skylerwilson178,https://randomuser.me/api/portraits/women/67.jpg,$2b$12$Q1PUFjhN/AWRQ21LbGYvjeLpZZB6lfZ1BPwifHALGO6oIbyC3CmJe,Backend engineer in Sydney. Into books and coffee.,https://picsum.photos/id/127/1200/400,New York
emersondavis179@gmail.com,emersondavis179,https://randomuser.me/api/portraits/women/82.jpg,$2b$12$Q1PUFjhN/AWRQ21LbGYvjeLpZZB6lfZ1BPwifHALGO6oIbyC3CmJe,Product designer in Atlanta. Into travel and running.,https://picsum.photos/id/36/1200/400,Seattle
jamiejackson180@yahoo.com,jamiejackson180,https://randomuser.me/api/portraits/men/94.jpg,$2b$12$Q1PUFjhN/AWRQ21LbGYvjeLpZZB6lfZ1BPwifHALGO6oIbyC3CmJe,Marketing lead in Mumbai. Into gaming and coffee.,https://picsum.photos/id/35/1200/400,Lisbon
taylormartinez181@outlook.com,taylormartinez181,https://randomuser.me/api/portraits/women/10.jpg,$2b$12$Q1PUFjhN/AWRQ21LbGYvjeLpZZB6lfZ1BPwifHALGO6oIbyC3CmJe,Backend engineer in Lisbon. Into coffee and cooking.,https://picsum.photos/id/36/1200/400,Berlin
reeselewis182@outlook.com,reeselewis182,https://randomuser.me/api/portraits/women/9.jpg,$2b$12$Q1PUFjhN/AWRQ21LbGYvjeLpZZB6lfZ1BPwifHALGO6oIbyC3CmJe,Data analyst in Seattle. Into hiking and startups.,https://picsum.photos/id/42/1200/400,Atlanta
emersonhernandez183@yahoo.com,emersonhernandez183,https://randomuser.me/api/portraits/men/39.jpg,$2b$12$Q1PUFjhN/AWRQ21LbGYvjeLpZZB6lfZ1BPwifHALGO6oIbyC3CmJe,ML engineer in Berlin. Into cycling and AI.,https://picsum.photos/id/127/1200/400,Singapore
parkerbrown184@outlook.com,parkerbrown184,https://randomuser.me/api/portraits/men/22.jpg,$2b$12$Q1PUFjhN/AWRQ21LbGYvjeLpZZB6lfZ1BPwifHALGO6oIbyC3CmJe,Data analyst in Sydney. Into books and hiking.,https://picsum.photos/id/14/1200/400,Berlin
quinnlopez185@outlook.com,quinnlopez185,https://randomuser.me/api/portraits/men/20.jpg,$2b$12$Q1PUFjhN/AWRQ21LbGYvjeLpZZB6lfZ1BPwifHALGO6oIbyC3CmJe,Student in San Francisco. Into music and cooking.,https://picsum.photos/id/28/1200/400,Lisbon
quinnjackson186@yahoo.com,quinnjackson186,https://randomuser.me/api/portraits/men/37.jpg,$2b$12$Q1PUFjhN/AWRQ21LbGYvjeLpZZB6lfZ1BPwifHALGO6oIbyC3CmJe,Content creator in Singapore. Into startups and travel.,https://picsum.photos/id/29/1200/400,Lisbon
caseyanderson187@gmail.com,caseyanderson187,https://randomuser.me/api/portraits/men/63.jpg,$2b$12$Q1PUFjhN/AWRQ21LbGYvjeLpZZB6lfZ1BPwifHALGO6oIbyC3CmJe,Student in London. Into movies and AI.,https://picsum.photos/id/87/1200/400,Los Angeles
rileybrown188@proton.me,rileybrown188,https://randomuser.me/api/portraits/women/54.jpg,$2b$12$Q1PUFjhN/AWRQ21LbGYvjeLpZZB6lfZ1BPwifHALGO6oIbyC3CmJe,Founder in Seattle. Into books and startups.,https://picsum.photos/id/34/1200/400,Sydney
jamiejohnson189@proton.me,jamiejohnson189,https://randomuser.me/api/portraits/men/80.jpg,$2b$12$Q1PUFjhN/AWRQ21LbGYvjeLpZZB6lfZ1BPwifHALGO6oIbyC3CmJe,Photographer in Mumbai. Into AI and cooking.,https://picsum.photos/id/64/1200/400,London
caseyjohnson190@outlook.com,caseyjohnson190,https://randomuser.me/api/portraits/men/29.jpg,$2b$12$Q1PUFjhN/AWRQ21LbGYvjeLpZZB6lfZ1BPwifHALGO6oIbyC3CmJe,Backend engineer in Austin. Into cooking and movies.,https://picsum.photos/id/127/1200/400,Sydney
jordannguyen191@proton.me,jordannguyen191,https://randomuser.me/api/portraits/women/3.jpg,$2b$12$Q1PUFjhN/AWRQ21LbGYvjeLpZZB6lfZ1BPwifHALGO6oIbyC3CmJe,Student in Berlin. Into open source and hiking.,https://picsum.photos/id/110/1200/400,Lisbon
skylerpatel192@gmail.com,skylerpatel192,https://randomuser.me/api/portraits/men/52.jpg,$2b$12$Q1PUFjhN/AWRQ21LbGYvjeLpZZB6lfZ1BPwifHALGO6oIbyC3CmJe,DevRel in Mumbai. Into travel and running.,https://picsum.photos/id/42/1200/400,Singapore
drewnguyen193@gmail.com,drewnguyen193,https://randomuser.me/api/portraits/women/63.jpg,$2b$12$Q1PUFjhN/AWRQ21LbGYvjeLpZZB6lfZ1BPwifHALGO6oIbyC3CmJe,Data analyst in Toronto. Into coffee and running.,https://picsum.photos/id/50/1200/400,Atlanta
jamiewilson194@proton.me,jamiewilson194,https://randomuser.me/api/portraits/men/48.jpg,$2b$12$Q1PUFjhN/AWRQ21LbGYvjeLpZZB6lfZ1BPwifHALGO6oIbyC3CmJe,Marketing lead in Los Angeles. Into travel and cycling.,https://picsum.photos/id/18/1200/400,Toronto
drewjohnson195@yahoo.com,drewjohnson195,https://randomuser.me/api/portraits/men/68.jpg,$2b$12$Q1PUFjhN/AWRQ21LbGYvjeLpZZB6lfZ1BPwifHALGO6oIbyC3CmJe,ML engineer in Toronto. Into travel and cooking.,https://picsum.photos/id/64/1200/400,San Francisco
parkernguyen196@outlook.com,parkernguyen196,https://randomuser.me/api/portraits/men/7.jpg,$2b$12$Q1PUFjhN/AWRQ21LbGYvjeLpZZB6lfZ1BPwifHALGO6oIbyC3CmJe,Marketing lead in Toronto. Into music and design.,https://picsum.photos/id/64/1200/400,Sydney
reesepatel197@proton.me,reesepatel197,https://randomuser.me/api/portraits/men/93.jpg,$2b$12$Q1PUFjhN/AWRQ21LbGYvjeLpZZB6lfZ1BPwifHALGO6oIbyC3CmJe,DevRel in Atlanta. Into travel and movies.,https://picsum.photos/id/102/1200/400,Los Angeles
quinnbrown198@proton.me,quinnbrown198,https://randomuser.me/api/portraits/women/80.jpg,$2b$12$Q1PUFjhN/AWRQ21LbGYvjeLpZZB6lfZ1BPwifHALGO6oIbyC3CmJe,Teacher in Denver. Into photography and movies.,https://picsum.photos/id/100/1200/400,Lisbon
emersongarcia199@outlook.com,emersongarcia199,https://randomuser.me/api/portraits/men/23.jpg,$2b$12$Q1PUFjhN/AWRQ21LbGYvjeLpZZB6lfZ1BPwifHALGO6oIbyC3CmJe,Teacher in Austin. Into gaming and hiking.,https://picsum.photos/id/87/1200/400,Lisbon
cameronwright200@outlook.com,cameronwright200,https://randomuser.me/api/portraits/women/57.jpg,$2b$12$Q1PUFjhN/AWRQ21LbGYvjeLpZZB6lfZ1BPwifHALGO6oIbyC3CmJe,Founder in Mumbai. Into startups and cycling.,https://picsum.photos/id/42/1200/400,Sydney
morganlewis201@outlook.com,morganlewis201,https://randomuser.me/api/portraits/men/17.jpg,$2b$12$Q1PUFjhN/AWRQ21LbGYvjeLpZZB6lfZ1BPwifHALGO6oIbyC3CmJe,Marketing lead in Berlin. Into coffee and travel.,https://picsum.photos/id/110/1200/400,Berlin
parkermartinez202@yahoo.com,parkermartinez202,https://randomuser.me/api/portraits/women/34.jpg,$2b$12$Q1PUFjhN/AWRQ21LbGYvjeLpZZB6lfZ1BPwifHALGO6oIbyC3CmJe,ML engineer in Lisbon. Into movies and gaming.,https://picsum.photos/id/29/1200/400,Mumbai
skylerkim203@yahoo.com,skylerkim203,https://randomuser.me/api/portraits/men/57.jpg,$2b$12$Q1PUFjhN/AWRQ21LbGYvjeLpZZB6lfZ1BPwifHALGO6oIbyC3CmJe,Photographer in Lisbon. Into running and hiking.,https://picsum.photos/id/15/1200/400,Singapore
averywilson204@outlook.com,averywilson204,https://randomuser.me/api/portraits/women/57.jpg,$2b$12$Q1PUFjhN/AWRQ21LbGYvjeLpZZB6lfZ1BPwifHALGO6oIbyC3CmJe,Product designer in London. Into AI and photography.,https://picsum.photos/id/106/1200/400,San Francisco
kendallwilson205@outlook.com,kendallwilson205,https://randomuser.me/api/portraits/women/86.jpg,$2b$12$Q1PUFjhN/AWRQ21LbGYvjeLpZZB6lfZ1BPwifHALGO6oIbyC3CmJe,ML engineer in Singapore. Into books and cooking.,https://picsum.photos/id/36/1200/400,Denver
kendalllee206@outlook.com,kendalllee206,https://randomuser.me/api/portraits/women/12.jpg,$2b$12$Q1PUFjhN/AWRQ21LbGYvjeLpZZB6lfZ1BPwifHALGO6oIbyC3CmJe,DevRel in Mumbai. Into coffee and startups.,https://picsum.photos/id/15/1200/400,Toronto
caseylee207@outlook.com,caseylee207,https://randomuser.me/api/portraits/men/71.jpg,$2b$12$Q1PUFjhN/AWRQ21LbGYvjeLpZZB6lfZ1BPwifHALGO6oIbyC3CmJe,Teacher in San Francisco. Into AI and cycling.,https://picsum.photos/id/11/1200/400,Los Angeles
averysingh208@outlook.com,averysingh208,https://randomuser.me/api/portraits/men/62.jpg,$2b$12$Q1PUFjhN/AWRQ21LbGYvjeLpZZB6lfZ1BPwifHALGO6oIbyC3CmJe,DevRel in San Francisco. Into travel and movies.,https://picsum.photos/id/50/1200/400,Austin
reeseanderson209@yahoo.com,reeseanderson209,https://randomuser.me/api/portraits/men/87.jpg,$2b$12$Q1PUFjhN/AWRQ21LbGYvjeLpZZB6lfZ1BPwifHALGO6oIbyC3CmJe,Photographer in Sydney. Into startups and cycling.,https://picsum.photos/id/57/1200/400,Berlin
taylorthomas210@yahoo.com,taylorthomas210,https://randomuser.me/api/portraits/women/27.jpg,$2b$12$Q1PUFjhN/AWRQ21LbGYvjeLpZZB6lfZ1BPwifHALGO6oIbyC3CmJe,ML engineer in Los Angeles. Into books and travel.,https://picsum.photos/id/29/1200/400,Berlin
reesesingh211@gmail.com,reesesingh211,https://randomuser.me/api/portraits/women/18.jpg,$2b$12$Q1PUFjhN/AWRQ21LbGYvjeLpZZB6lfZ1BPwifHALGO6oIbyC3CmJe,Mobile developer in Lisbon. Into cycling and design.,https://picsum.photos/id/24/1200/400,Singapore
quinnpatel212@yahoo.com,quinnpatel212,https://randomuser.me/api/portraits/women/75.jpg,$2b$12$Q1PUFjhN/AWRQ21LbGYvjeLpZZB6lfZ1BPwifHALGO6oIbyC3CmJe,Photographer in Atlanta. Into movies and hiking.,https://picsum.photos/id/64/1200/400,Lisbon
alexlopez213@proton.me,alexlopez213,https://randomuser.me/api/portraits/men/8.jpg,$2b$12$Q1PUFjhN/AWRQ21LbGYvjeLpZZB6lfZ1BPwifHALGO6oIbyC3CmJe,ML engineer in Mumbai. Into music and running.,https://picsum.photos/id/50/1200/400,San Francisco
jamiegarcia214@gmail.com,jamiegarcia214,https://randomuser.me/api/portraits/men/56.jpg,$2b$12$Q1PUFjhN/AWRQ21LbGYvjeLpZZB6lfZ1BPwifHALGO6oIbyC3CmJe,Product designer in Los Angeles. Into coffee and design.,https://picsum.photos/id/43/1200/400,San Francisco
jamiejackson215@yahoo.com,jamiejackson215,https://randomuser.me/api/portraits/men/30.jpg,$2b$12$Q1PUFjhN/AWRQ21LbGYvjeLpZZB6lfZ1BPwifHALGO6oIbyC3CmJe,Backend engineer in Lisbon. Into running and hiking.,https://picsum.photos/id/50/1200/400,Toronto
jordandavis216@proton.me,jordandavis216,https://randomuser.me/api/portraits/men/58.jpg,$2b$12$Q1PUFjhN/AWRQ21LbGYvjeLpZZB6lfZ1BPwifHALGO6oIbyC3CmJe,Content creator in Singapore. Into cycling and travel.,https://picsum.photos/id/16/1200/400,New York
jamiesingh217@outlook.com,jamiesingh217,https://randomuser.me/api/portraits/women/35.jpg,$2b$12$Q1PUFjhN/AWRQ21LbGYvjeLpZZB6lfZ1BPwifHALGO6oIbyC3CmJe,Backend engineer in London. Into movies and books.,https://picsum.photos/id/82/1200/400,Lisbon
camerondavis218@yahoo.com,camerondavis218,https://randomuser.me/api/portraits/women/6.jpg,$2b$12$Q1PUFjhN/AWRQ21LbGYvjeLpZZB6lfZ1BPwifHALGO6oIbyC3CmJe,Teacher in Toronto. Into open source and books.,https://picsum.photos/id/100/1200/400,Singapore
jamiesingh219@gmail.com,jamiesingh219,https://randomuser.me/api/portraits/women/59.jpg,$2b$12$Q1PUFjhN/AWRQ21LbGYvjeLpZZB6lfZ1BPwifHALGO6oIbyC3CmJe,Content creator in Lisbon. Into open source and photography.,https://picsum.photos/id/42/1200/400,Denver
morganwilson220@gmail.com,morganwilson220,https://randomuser.me/api/portraits/men/75.jpg,$2b$12$Q1PUFjhN/AWRQ21LbGYvjeLpZZB6lfZ1BPwifHALGO6oIbyC3CmJe,Teacher in Denver. Into coffee and startups.,https://picsum.photos/id/133/1200/400,Sydney
averyanderson221@proton.me,averyanderson221,https://randomuser.me/api/portraits/men/30.jpg,$2b$12$Q1PUFjhN/AWRQ21LbGYvjeLpZZB6lfZ1BPwifHALGO6oIbyC3CmJe,ML engineer in Austin. Into hiking and design.,https://picsum.photos/id/43/1200/400,Chicago
skylergarcia222@yahoo.com,skylergarcia222,https://randomuser.me/api/portraits/men/44.jpg,$2b$12$Q1PUFjhN/AWRQ21LbGYvjeLpZZB6lfZ1BPwifHALGO6oIbyC3CmJe,Data analyst in Lisbon. Into AI and cooking.,https://picsum.photos/id/42/1200/400,Los Angeles
finleypatel223@proton.me,finleypatel223,https://randomuser.me/api/portraits/women/64.jpg,$2b$12$Q1PUFjhN/AWRQ21LbGYvjeLpZZB6lfZ1BPwifHALGO6oIbyC3CmJe,Marketing lead in Denver. Into running and coffee.,https://picsum.photos/id/79/1200/400,Seattle
morganjohnson224@gmail.com,morganjohnson224,https://randomuser.me/api/portraits/men/60.jpg,$2b$12$Q1PUFjhN/AWRQ21LbGYvjeLpZZB6lfZ1BPwifHALGO6oIbyC3CmJe,Product designer in Berlin. Into hiking and books.,https://picsum.photos/id/11/1200/400,Mumbai
harperpatel225@gmail.com,harperpatel225,https://randomuser.me/api/portraits/women/97.jpg,$2b$12$Q1PUFjhN/AWRQ21LbGYvjeLpZZB6lfZ1BPwifHALGO6oIbyC3CmJe,Data analyst in Seattle. Into music and movies.,https://picsum.photos/id/119/1200/400,Sydney
averyhernandez226@yahoo.com,averyhernandez226,https://randomuser.me/api/portraits/men/74.jpg,$2b$12$Q1PUFjhN/AWRQ21LbGYvjeLpZZB6lfZ1BPwifHALGO6oIbyC3CmJe,Marketing lead in Los Angeles. Into open source and gaming.,https://picsum.photos/id/100/1200/400,Mumbai
jordanjohnson227@proton.me,jordanjohnson227,https://randomuser.me/api/portraits/women/49.jpg,$2b$12$Q1PUFjhN/AWRQ21LbGYvjeLpZZB6lfZ1BPwifHALGO6oIbyC3CmJe,Content creator in Chicago. Into gaming and open source.,https://picsum.photos/id/21/1200/400,London
drewlee228@proton.me,drewlee228,https://randomuser.me/api/portraits/men/48.jpg,$2b$12$Q1PUFjhN/AWRQ21LbGYvjeLpZZB6lfZ1BPwifHALGO6oIbyC3CmJe,ML engineer in Austin. Into travel and cooking.,https://picsum.photos/id/24/1200/400,Atlanta
caseymartin229@gmail.com,caseymartin229,https://randomuser.me/api/portraits/men/84.jpg,$2b$12$Q1PUFjhN/AWRQ21LbGYvjeLpZZB6lfZ1BPwifHALGO6oIbyC3CmJe,Product designer in Seattle. Into design and photography.,https://picsum.photos/id/18/1200/400,Austin
morganjohnson230@outlook.com,morganjohnson230,https://randomuser.me/api/portraits/women/49.jpg,$2b$12$Q1PUFjhN/AWRQ21LbGYvjeLpZZB6lfZ1BPwifHALGO6oIbyC3CmJe,Backend engineer in San Francisco. Into coffee and movies.,https://picsum.photos/id/28/1200/400,Singapore
quinnsingh231@proton.me,quinnsingh231,https://randomuser.me/api/portraits/women/33.jpg,$2b$12$Q1PUFjhN/AWRQ21LbGYvjeLpZZB6lfZ1BPwifHALGO6oIbyC3CmJe,Content creator in Denver. Into cycling and movies.,https://picsum.photos/id/15/1200/400,Denver
skylerlee232@yahoo.com,skylerlee232,https://randomuser.me/api/portraits/men/16.jpg,$2b$12$Q1PUFjhN/AWRQ21LbGYvjeLpZZB6lfZ1BPwifHALGO6oIbyC3CmJe,Content creator in Austin. Into coffee and design.,https://picsum.photos/id/24/1200/400,Sydney
parkersingh233@outlook.com,parkersingh233,https://randomuser.me/api/portraits/women/56.jpg,$2b$12$Q1PUFjhN/AWRQ21LbGYvjeLpZZB6lfZ1BPwifHALGO6oIbyC3CmJe,Data analyst in San Francisco. Into movies and running.,https://picsum.photos/id/11/1200/400,Singapore
finleyjackson234@gmail.com,finleyjackson234,https://randomuser.me/api/portraits/women/50.jpg,$2b$12$Q1PUFjhN/AWRQ21LbGYvjeLpZZB6lfZ1BPwifHALGO6oIbyC3CmJe,Data analyst in Mumbai. Into cycling and hiking.,https://picsum.photos/id/11/1200/400,Los Angeles
jamielopez235@yahoo.com,jamielopez235,https://randomuser.me/api/portraits/men/5.jpg,$2b$12$Q1PUFjhN/AWRQ21LbGYvjeLpZZB6lfZ1BPwifHALGO6oIbyC3CmJe,Teacher in Singapore. Into startups and open source.,https://picsum.photos/id/106/1200/400,Singapore
caseyjohnson236@yahoo.com,caseyjohnson236,https://randomuser.me/api/portraits/men/35.jpg,$2b$12$Q1PUFjhN/AWRQ21LbGYvjeLpZZB6lfZ1BPwifHALGO6oIbyC3CmJe,Data analyst in Sydney. Into open source and movies.,https://picsum.photos/id/82/1200/400,New York
kendallmartinez237@proton.me,kendallmartinez237,https://randomuser.me/api/portraits/men/63.jpg,$2b$12$Q1PUFjhN/AWRQ21LbGYvjeLpZZB6lfZ1BPwifHALGO6oIbyC3CmJe,Teacher in Toronto. Into gaming and startups.,https://picsum.photos/id/36/1200/400,Singapore
skylersingh238@yahoo.com,skylersingh238,https://randomuser.me/api/portraits/women/24.jpg,$2b$12$Q1PUFjhN/AWRQ21LbGYvjeLpZZB6lfZ1BPwifHALGO6oIbyC3CmJe,Content creator in Seattle. Into cooking and design.,https://picsum.photos/id/43/1200/400,Denver
drewlee239@yahoo.com,drewlee239,https://randomuser.me/api/portraits/men/77.jpg,$2b$12$Q1PUFjhN/AWRQ21LbGYvjeLpZZB6lfZ1BPwifHALGO6oIbyC3CmJe,Mobile developer in Sydney. Into photography and movies.,https://picsum.photos/id/11/1200/400,Denver
quinnclark240@yahoo.com,quinnclark240,https://randomuser.me/api/portraits/men/0.jpg,$2b$12$Q1PUFjhN/AWRQ21LbGYvjeLpZZB6lfZ1BPwifHALGO6oIbyC3CmJe,Photographer in San Francisco. Into startups and movies.,https://picsum.photos/id/82/1200/400,Toronto
sagelewis241@gmail.com,sagelewis241,https://randomuser.me/api/portraits/women/78.jpg,$2b$12$Q1PUFjhN/AWRQ21LbGYvjeLpZZB6lfZ1BPwifHALGO6oIbyC3CmJe,Marketing lead in Los Angeles. Into startups and cooking.,https://picsum.photos/id/35/1200/400,Lisbon
rileynguyen242@gmail.com,rileynguyen242,https://randomuser.me/api/portraits/men/62.jpg,$2b$12$Q1PUFjhN/AWRQ21LbGYvjeLpZZB6lfZ1BPwifHALGO6oIbyC3CmJe,Marketing lead in Mumbai. Into travel and coffee.,https://picsum.photos/id/133/1200/400,Toronto
emersonkim243@gmail.com,emersonkim243,https://randomuser.me/api/portraits/men/62.jpg,$2b$12$Q1PUFjhN/AWRQ21LbGYvjeLpZZB6lfZ1BPwifHALGO6oIbyC3CmJe,Mobile developer in New York. Into travel and music.,https://picsum.photos/id/16/1200/400,Berlin
sagenguyen244@proton.me,sagenguyen244,https://randomuser.me/api/portraits/women/59.jpg,$2b$12$Q1PUFjhN/AWRQ21LbGYvjeLpZZB6lfZ1BPwifHALGO6oIbyC3CmJe,Student in Lisbon. Into startups and photography.,https://picsum.photos/id/92/1200/400,Los Angeles
caseybrown245@gmail.com,caseybrown245,https://randomuser.me/api/portraits/men/34.jpg,$2b$12$Q1PUFjhN/AWRQ21LbGYvjeLpZZB6lfZ1BPwifHALGO6oIbyC3CmJe,Student in Singapore. Into music and open source.,https://picsum.photos/id/92/1200/400,Los Angeles
reesebrown246@yahoo.com,reesebrown246,https://randomuser.me/api/portraits/men/59.jpg,$2b$12$Q1PUFjhN/AWRQ21LbGYvjeLpZZB6lfZ1BPwifHALGO6oIbyC3CmJe,Content creator in Singapore. Into AI and movies.,https://picsum.photos/id/127/1200/400,Denver
taylormartinez247@outlook.com,taylormartinez247,https://randomuser.me/api/portraits/women/54.jpg,$2b$12$Q1PUFjhN/AWRQ21LbGYvjeLpZZB6lfZ1BPwifHALGO6oIbyC3CmJe,Photographer in Mumbai. Into music and cooking.,https://picsum.photos/id/82/1200/400,Seattle
quinnclark248@gmail.com,quinnclark248,https://randomuser.me/api/portraits/women/57.jpg,$2b$12$Q1PUFjhN/AWRQ21LbGYvjeLpZZB6lfZ1BPwifHALGO6oIbyC3CmJe,Mobile developer in Los Angeles. Into cycling and photography.,https://picsum.photos/id/42/1200/400,Chicago
averyjohnson249@proton.me,averyjohnson249,https://randomuser.me/api/portraits/women/82.jpg,$2b$12$Q1PUFjhN/AWRQ21LbGYvjeLpZZB6lfZ1BPwifHALGO6oIbyC3CmJe,Content creator in New York. Into cycling and running.,https://picsum.photos/id/133/1200/400,Atlanta
drewmartin250@proton.me,drewmartin250,https://randomuser.me/api/portraits/women/71.jpg,$2b$12$Q1PUFjhN/AWRQ21LbGYvjeLpZZB6lfZ1BPwifHALGO6oIbyC3CmJe,Product designer in Los Angeles. Into hiking and gaming.,https://picsum.photos/id/87/1200/400,Toronto
reeselewis251@outlook.com,reeselewis251,https://randomuser.me/api/portraits/men/42.jpg,$2b$12$Q1PUFjhN/AWRQ21LbGYvjeLpZZB6lfZ1BPwifHALGO6oIbyC3CmJe,DevRel in Lisbon. Into gaming and travel.,https://picsum.photos/id/35/1200/400,Denver
rileykim252@gmail.com,rileykim252,https://randomuser.me/api/portraits/women/50.jpg,$2b$12$Q1PUFjhN/AWRQ21LbGYvjeLpZZB6lfZ1BPwifHALGO6oIbyC3CmJe,Student in Mumbai. Into movies and photography.,https://picsum.photos/id/21/1200/400,Berlin
kendalljackson253@outlook.com,kendalljackson253,https://randomuser.me/api/portraits/men/10.jpg,$2b$12$Q1PUFjhN/AWRQ21LbGYvjeLpZZB6lfZ1BPwifHALGO6oIbyC3CmJe,ML engineer in Austin. Into music and design.,https://picsum.photos/id/64/1200/400,Sydney
taylorpatel254@proton.me,taylorpatel254,https://randomuser.me/api/portraits/women/14.jpg,$2b$12$Q1PUFjhN/AWRQ21LbGYvjeLpZZB6lfZ1BPwifHALGO6oIbyC3CmJe,Marketing lead in Seattle. Into coffee and gaming.,https://picsum.photos/id/42/1200/400,London
finleykim255@yahoo.com,finleykim255,https://randomuser.me/api/portraits/women/73.jpg,$2b$12$Q1PUFjhN/AWRQ21LbGYvjeLpZZB6lfZ1BPwifHALGO6oIbyC3CmJe,Teacher in New York. Into music and open source.,https://picsum.photos/id/106/1200/400,Los Angeles
drewkim256@outlook.com,drewkim256,https://randomuser.me/api/portraits/men/67.jpg,$2b$12$Q1PUFjhN/AWRQ21LbGYvjeLpZZB6lfZ1BPwifHALGO6oIbyC3CmJe,Student in Singapore. Into AI and open source.,https://picsum.photos/id/21/1200/400,London
kendalllee257@yahoo.com,kendalllee257,https://randomuser.me/api/portraits/men/71.jpg,$2b$12$Q1PUFjhN/AWRQ21LbGYvjeLpZZB6lfZ1BPwifHALGO6oIbyC3CmJe,Photographer in New York. Into books and travel.,https://picsum.photos/id/82/1200/400,Berlin
alexnguyen258@proton.me,alexnguyen258,https://randomuser.me/api/portraits/men/61.jpg,$2b$12$Q1PUFjhN/AWRQ21LbGYvjeLpZZB6lfZ1BPwifHALGO6oIbyC3CmJe,Mobile developer in Toronto. Into coffee and cooking.,https://picsum.photos/id/43/1200/400,Sydney
emersonanderson259@outlook.com,emersonanderson259,https://randomuser.me/api/portraits/women/80.jpg,$2b$12$Q1PUFjhN/AWRQ21LbGYvjeLpZZB6lfZ1BPwifHALGO6oIbyC3CmJe,DevRel in Berlin. Into gaming and cycling.,https://picsum.photos/id/24/1200/400,London
emersonhernandez260@proton.me,emersonhernandez260,https://randomuser.me/api/portraits/men/67.jpg,$2b$12$Q1PUFjhN/AWRQ21LbGYvjeLpZZB6lfZ1BPwifHALGO6oIbyC3CmJe,Data analyst in New York. Into design and music.,https://picsum.photos/id/133/1200/400,Denver
harpersingh261@gmail.com,harpersingh261,https://randomuser.me/api/portraits/men/39.jpg,$2b$12$Q1PUFjhN/AWRQ21LbGYvjeLpZZB6lfZ1BPwifHALGO6oIbyC3CmJe,Mobile developer in San Francisco. Into music and open source.,https://picsum.photos/id/43/1200/400,Austin
cameronanderson262@yahoo.com,cameronanderson262,https://randomuser.me/api/portraits/men/31.jpg,$2b$12$Q1PUFjhN/AWRQ21LbGYvjeLpZZB6lfZ1BPwifHALGO6oIbyC3CmJe,ML engineer in Mumbai. Into AI and music.,https://picsum.photos/id/133/1200/400,Chicago
quinnthomas263@outlook.com,quinnthomas263,https://randomuser.me/api/portraits/men/11.jpg,$2b$12$Q1PUFjhN/AWRQ21LbGYvjeLpZZB6lfZ1BPwifHALGO6oIbyC3CmJe,Mobile developer in New York. Into open source and travel.,https://picsum.photos/id/57/1200/400,Toronto
skylersingh264@gmail.com,skylersingh264,https://randomuser.me/api/portraits/men/64.jpg,$2b$12$Q1PUFjhN/AWRQ21LbGYvjeLpZZB6lfZ1BPwifHALGO6oIbyC3CmJe,Founder in Mumbai. Into photography and coffee.,https://picsum.photos/id/11/1200/400,Atlanta
caseygarcia265@gmail.com,caseygarcia265,https://randomuser.me/api/portraits/women/79.jpg,$2b$12$Q1PUFjhN/AWRQ21LbGYvjeLpZZB6lfZ1BPwifHALGO6oIbyC3CmJe,Product designer in Los Angeles. Into hiking and movies.,https://picsum.photos/id/15/1200/400,Los Angeles
drewhernandez266@gmail.com,drewhernandez266,https://randomuser.me/api/portraits/women/63.jpg,$2b$12$Q1PUFjhN/AWRQ21LbGYvjeLpZZB6lfZ1BPwifHALGO6oIbyC3CmJe,Student in London. Into gaming and movies.,https://picsum.photos/id/36/1200/400,London
rowanbrown267@outlook.com,rowanbrown267,https://randomuser.me/api/portraits/women/84.jpg,$2b$12$Q1PUFjhN/AWRQ21LbGYvjeLpZZB6lfZ1BPwifHALGO6oIbyC3CmJe,Founder in Mumbai. Into cooking and design.,https://picsum.photos/id/18/1200/400,Singapore
rowanlopez268@proton.me,rowanlopez268,https://randomuser.me/api/portraits/women/16.jpg,$2b$12$Q1PUFjhN/AWRQ21LbGYvjeLpZZB6lfZ1BPwifHALGO6oIbyC3CmJe,Product designer in New York. Into startups and movies.,https://picsum.photos/id/133/1200/400,Toronto
emersongarcia269@yahoo.com,emersongarcia269,https://randomuser.me/api/portraits/women/41.jpg,$2b$12$Q1PUFjhN/AWRQ21LbGYvjeLpZZB6lfZ1BPwifHALGO6oIbyC3CmJe,ML engineer in New York. Into open source and gaming.,https://picsum.photos/id/16/1200/400,Seattle
alexnguyen270@outlook.com,alexnguyen270,https://randomuser.me/api/portraits/women/35.jpg,$2b$12$Q1PUFjhN/AWRQ21LbGYvjeLpZZB6lfZ1BPwifHALGO6oIbyC3CmJe,Student in Atlanta. Into hiking and AI.,https://picsum.photos/id/110/1200/400,London
drewjohnson271@gmail.com,drewjohnson271,https://randomuser.me/api/portraits/men/84.jpg,$2b$12$Q1PUFjhN/AWRQ21LbGYvjeLpZZB6lfZ1BPwifHALGO6oIbyC3CmJe,ML engineer in Los Angeles. Into design and coffee.,https://picsum.photos/id/100/1200/400,Seattle
morganlee272@yahoo.com,morganlee272,https://randomuser.me/api/portraits/women/86.jpg,$2b$12$Q1PUFjhN/AWRQ21LbGYvjeLpZZB6lfZ1BPwifHALGO6oIbyC3CmJe,Founder in Mumbai. Into cycling and open source.,https://picsum.photos/id/10/1200/400,Mumbai
reeselee273@outlook.com,reeselee273,https://randomuser.me/api/portraits/men/96.jpg,$2b$12$Q1PUFjhN/AWRQ21LbGYvjeLpZZB6lfZ1BPwifHALGO6oIbyC3CmJe,Student in New York. Into gaming and movies.,https://picsum.photos/id/10/1200/400,Los Angeles
harperhernandez274@proton.me,harperhernandez274,https://randomuser.me/api/portraits/men/16.jpg,$2b$12$Q1PUFjhN/AWRQ21LbGYvjeLpZZB6lfZ1BPwifHALGO6oIbyC3CmJe,Founder in Singapore. Into running and design.,https://picsum.photos/id/127/1200/400,London
taylormartin275@proton.me,taylormartin275,https://randomuser.me/api/portraits/men/79.jpg,$2b$12$Q1PUFjhN/AWRQ21LbGYvjeLpZZB6lfZ1BPwifHALGO6oIbyC3CmJe,Content creator in New York. Into AI and books.,https://picsum.photos/id/11/1200/400,Berlin
quinndavis276@outlook.com,quinndavis276,https://randomuser.me/api/portraits/women/56.jpg,$2b$12$Q1PUFjhN/AWRQ21LbGYvjeLpZZB6lfZ1BPwifHALGO6oIbyC3CmJe,Data analyst in Toronto. Into photography and books.,https://picsum.photos/id/18/1200/400,Toronto
jordanjohnson277@outlook.com,jordanjohnson277,https://randomuser.me/api/portraits/women/26.jpg,$2b$12$Q1PUFjhN/AWRQ21LbGYvjeLpZZB6lfZ1BPwifHALGO6oIbyC3CmJe,Content creator in Austin. Into startups and music.,https://picsum.photos/id/42/1200/400,Denver
skylerbrown278@gmail.com,skylerbrown278,https://randomuser.me/api/portraits/women/18.jpg,$2b$12$Q1PUFjhN/AWRQ21LbGYvjeLpZZB6lfZ1BPwifHALGO6oIbyC3CmJe,Photographer in London. Into hiking and cooking.,https://picsum.photos/id/28/1200/400,Mumbai
skylermartin279@gmail.com,skylermartin279,https://randomuser.me/api/portraits/women/72.jpg,$2b$12$Q1PUFjhN/AWRQ21LbGYvjeLpZZB6lfZ1BPwifHALGO6oIbyC3CmJe,DevRel in Toronto. Into movies and cooking.,https://picsum.photos/id/28/1200/400,Berlin
rowanbrown280@gmail.com,rowanbrown280,https://randomuser.me/api/portraits/men/72.jpg,$2b$12$Q1PUFjhN/AWRQ21LbGYvjeLpZZB6lfZ1BPwifHALGO6oIbyC3CmJe,Content creator in San Francisco. Into cycling and running.,https://picsum.photos/id/92/1200/400,London
rileykim281@yahoo.com,rileykim281,https://randomuser.me/api/portraits/men/19.jpg,$2b$12$Q1PUFjhN/AWRQ21LbGYvjeLpZZB6lfZ1BPwifHALGO6oIbyC3CmJe,Content creator in New York. Into open source and AI.,https://picsum.photos/id/87/1200/400,San Francisco
finleyanderson282@yahoo.com,finleyanderson282,https://randomuser.me/api/portraits/men/23.jpg,$2b$12$Q1PUFjhN/AWRQ21LbGYvjeLpZZB6lfZ1BPwifHALGO6oIbyC3CmJe,Content creator in Denver. Into startups and running.,https://picsum.photos/id/102/1200/400,Lisbon
emersonbrown283@yahoo.com,emersonbrown283,https://randomuser.me/api/portraits/women/60.jpg,$2b$12$Q1PUFjhN/AWRQ21LbGYvjeLpZZB6lfZ1BPwifHALGO6oIbyC3CmJe,Mobile developer in Los Angeles. Into photography and coffee.,https://picsum.photos/id/87/1200/400,Denver
caseylopez284@outlook.com,caseylopez284,https://randomuser.me/api/portraits/men/10.jpg,$2b$12$Q1PUFjhN/AWRQ21LbGYvjeLpZZB6lfZ1BPwifHALGO6oIbyC3CmJe,ML engineer in Seattle. Into hiking and gaming.,https://picsum.photos/id/106/1200/400,Sydney
reeselopez285@yahoo.com,reeselopez285,https://randomuser.me/api/portraits/women/12.jpg,$2b$12$Q1PUFjhN/AWRQ21LbGYvjeLpZZB6lfZ1BPwifHALGO6oIbyC3CmJe,Photographer in Denver. Into coffee and design.,https://picsum.photos/id/14/1200/400,London
rileykim286@outlook.com,rileykim286,https://randomuser.me/api/portraits/men/58.jpg,$2b$12$Q1PUFjhN/AWRQ21LbGYvjeLpZZB6lfZ1BPwifHALGO6oIbyC3CmJe,Product designer in Lisbon. Into open source and hiking.,https://picsum.photos/id/119/1200/400,Toronto
quinnhernandez287@gmail.com,quinnhernandez287,https://randomuser.me/api/portraits/men/31.jpg,$2b$12$Q1PUFjhN/AWRQ21LbGYvjeLpZZB6lfZ1BPwifHALGO6oIbyC3CmJe,Data analyst in Atlanta. Into coffee and gaming.,https://picsum.photos/id/35/1200/400,Mumbai
jamiekim288@proton.me,jamiekim288,https://randomuser.me/api/portraits/men/10.jpg,$2b$12$Q1PUFjhN/AWRQ21LbGYvjeLpZZB6lfZ1BPwifHALGO6oIbyC3CmJe,Marketing lead in Toronto. Into hiking and travel.,https://picsum.photos/id/14/1200/400,Denver
tayloranderson289@proton.me,tayloranderson289,https://randomuser.me/api/portraits/women/84.jpg,$2b$12$Q1PUFjhN/AWRQ21LbGYvjeLpZZB6lfZ1BPwifHALGO6oIbyC3CmJe,Teacher in Seattle. Into gaming and AI.,https://picsum.photos/id/100/1200/400,New York
taylorgarcia290@outlook.com,taylorgarcia290,https://randomuser.me/api/portraits/women/59.jpg,$2b$12$Q1PUFjhN/AWRQ21LbGYvjeLpZZB6lfZ1BPwifHALGO6oIbyC3CmJe,Content creator in Seattle. Into hiking and AI.,https://picsum.photos/id/100/1200/400,Atlanta
emersonhernandez291@yahoo.com,emersonhernandez291,https://randomuser.me/api/portraits/women/56.jpg,$2b$12$Q1PUFjhN/AWRQ21LbGYvjeLpZZB6lfZ1BPwifHALGO6oIbyC3CmJe,Backend engineer in Austin. Into startups and design.,https://picsum.photos/id/50/1200/400,New York
quinnanderson292@proton.me,quinnanderson292,https://randomuser.me/api/portraits/women/47.jpg,$2b$12$Q1PUFjhN/AWRQ21LbGYvjeLpZZB6lfZ1BPwifHALGO6oIbyC3CmJe,DevRel in Sydney. Into open source and gaming.,https://picsum.photos/id/100/1200/400,Sydney
kendallmartin293@yahoo.com,kendallmartin293,https://randomuser.me/api/portraits/women/66.jpg,$2b$12$Q1PUFjhN/AWRQ21LbGYvjeLpZZB6lfZ1BPwifHALGO6oIbyC3CmJe,Backend engineer in Los Angeles. Into hiking and design.,https://picsum.photos/id/18/1200/400,London
jordansingh294@proton.me,jordansingh294,https://randomuser.me/api/portraits/men/47.jpg,$2b$12$Q1PUFjhN/AWRQ21LbGYvjeLpZZB6lfZ1BPwifHALGO6oIbyC3CmJe,Content creator in Denver. Into AI and photography.,https://picsum.photos/id/102/1200/400,Austin
kendalljackson295@outlook.com,kendalljackson295,https://randomuser.me/api/portraits/women/98.jpg,$2b$12$Q1PUFjhN/AWRQ21LbGYvjeLpZZB6lfZ1BPwifHALGO6oIbyC3CmJe,Marketing lead in Berlin. Into travel and cycling.,https://picsum.photos/id/29/1200/400,Atlanta
jordanbrown296@outlook.com,jordanbrown296,https://randomuser.me/api/portraits/women/62.jpg,$2b$12$Q1PUFjhN/AWRQ21LbGYvjeLpZZB6lfZ1BPwifHALGO6oIbyC3CmJe,Teacher in Denver. Into gaming and travel.,https://picsum.photos/id/92/1200/400,New York
skylerhernandez297@gmail.com,skylerhernandez297,https://randomuser.me/api/portraits/men/61.jpg,$2b$12$Q1PUFjhN/AWRQ21LbGYvjeLpZZB6lfZ1BPwifHALGO6oIbyC3CmJe,Teacher in Austin. Into coffee and open source.,https://picsum.photos/id/106/1200/400,Seattle
quinnnguyen298@gmail.com,quinnnguyen298,https://randomuser.me/api/portraits/men/21.jpg,$2b$12$Q1PUFjhN/AWRQ21LbGYvjeLpZZB6lfZ1BPwifHALGO6oIbyC3CmJe,Content creator in Los Angeles. Into cycling and travel.,https://picsum.photos/id/57/1200/400,Denver
taylorclark299@outlook.com,taylorclark299,https://randomuser.me/api/portraits/men/52.jpg,$2b$12$Q1PUFjhN/AWRQ21LbGYvjeLpZZB6lfZ1BPwifHALGO6oIbyC3CmJe,Content creator in Los Angeles. Into gaming and cooking.,https://picsum.photos/id/14/1200/400,Toronto
drewgarcia300@gmail.com,drewgarcia300,https://randomuser.me/api/portraits/men/28.jpg,$2b$12$Q1PUFjhN/AWRQ21LbGYvjeLpZZB6lfZ1BPwifHALGO6oIbyC3CmJe,Data analyst in San Francisco. Into design and books.,https://picsum.photos/id/34/1200/400,Lisbon
